ISO-10303-21;
HEADER;
/* Generated by software containing ST-Developer
 * from STEP Tools, Inc. (www.steptools.com) 
 */
/* OPTION: using custom renumber hook */

FILE_DESCRIPTION(
/* description */ ('STEP AP242 Edition 2',
'CAx-IF Rec.Pracs.---Representation and Presentation of Product Manufa
cturing Information (PMI)---4.0---2014-10-13',
'CAx-IF Rec.Pracs.---3D Tessellated Geometry---0.4---2014-09-14','2;1',
'CAx-IF Rec.Pracs.---User Defined Attributes---1.5---2016-08-15'),
/* implementation_level */ '2;1');

FILE_NAME(
/* name */ 'Part Studio 1',
/* time_stamp */ '2026-07-02T17:30:47Z',
/* author */ (''),
/* organization */ (''),
/* preprocessor_version */ 'ST-DEVELOPER v20',
/* originating_system */ 'ONSHAPE BY PTC INC, 1.217',
/* authorisation */ '  ');

FILE_SCHEMA (('AP242_MANAGED_MODEL_BASED_3D_ENGINEERING_MIM_LF { 1 0 10303 442 3 1 4 }'));
ENDSEC;

DATA;
#10=SHAPE_REPRESENTATION_RELATIONSHIP('','',#1853,#12);
#11=SHAPE_REPRESENTATION_RELATIONSHIP('','',#1854,#13);
#12=ADVANCED_BREP_SHAPE_REPRESENTATION('',(#1849),#2829);
#13=ADVANCED_BREP_SHAPE_REPRESENTATION('',(#1850),#2830);
#14=CYLINDRICAL_SURFACE('',#1859,0.00385);
#15=CYLINDRICAL_SURFACE('',#1884,0.00145);
#16=CYLINDRICAL_SURFACE('',#1885,0.00145);
#17=CYLINDRICAL_SURFACE('',#1886,0.00145);
#18=CYLINDRICAL_SURFACE('',#1887,0.00385);
#19=CYLINDRICAL_SURFACE('',#1891,0.00235);
#20=CYLINDRICAL_SURFACE('',#1894,0.00235);
#21=CYLINDRICAL_SURFACE('',#1945,0.00145);
#22=CYLINDRICAL_SURFACE('',#1948,0.00145);
#23=CYLINDRICAL_SURFACE('',#1951,0.00145);
#24=CIRCLE('',#1858,0.00145);
#25=CIRCLE('',#1860,0.00385);
#26=CIRCLE('',#1861,0.00385);
#27=CIRCLE('',#1863,0.00235);
#28=CIRCLE('',#1865,0.00145);
#29=CIRCLE('',#1868,0.00145);
#30=CIRCLE('',#1870,0.00145);
#31=CIRCLE('',#1872,0.00145);
#32=CIRCLE('',#1875,0.00145);
#33=CIRCLE('',#1880,0.00385);
#34=CIRCLE('',#1888,0.00385);
#35=CIRCLE('',#1890,0.00235);
#36=CIRCLE('',#1892,0.00235);
#37=CIRCLE('',#1895,0.00235);
#38=CIRCLE('',#1902,0.00145);
#39=CIRCLE('',#1906,0.00145);
#40=CIRCLE('',#1909,0.00145);
#41=CIRCLE('',#1944,0.00145);
#42=CIRCLE('',#1947,0.00145);
#43=CIRCLE('',#1950,0.00145);
#44=ORIENTED_EDGE('',*,*,#474,.F.);
#45=ORIENTED_EDGE('',*,*,#475,.T.);
#46=ORIENTED_EDGE('',*,*,#476,.F.);
#47=ORIENTED_EDGE('',*,*,#477,.T.);
#48=ORIENTED_EDGE('',*,*,#478,.T.);
#49=ORIENTED_EDGE('',*,*,#479,.F.);
#50=ORIENTED_EDGE('',*,*,#480,.F.);
#51=ORIENTED_EDGE('',*,*,#481,.F.);
#52=ORIENTED_EDGE('',*,*,#482,.F.);
#53=ORIENTED_EDGE('',*,*,#483,.F.);
#54=ORIENTED_EDGE('',*,*,#484,.F.);
#55=ORIENTED_EDGE('',*,*,#485,.F.);
#56=ORIENTED_EDGE('',*,*,#486,.F.);
#57=ORIENTED_EDGE('',*,*,#487,.F.);
#58=ORIENTED_EDGE('',*,*,#488,.F.);
#59=ORIENTED_EDGE('',*,*,#489,.T.);
#60=ORIENTED_EDGE('',*,*,#490,.T.);
#61=ORIENTED_EDGE('',*,*,#481,.T.);
#62=ORIENTED_EDGE('',*,*,#491,.T.);
#63=ORIENTED_EDGE('',*,*,#492,.F.);
#64=ORIENTED_EDGE('',*,*,#493,.F.);
#65=ORIENTED_EDGE('',*,*,#476,.T.);
#66=ORIENTED_EDGE('',*,*,#494,.T.);
#67=ORIENTED_EDGE('',*,*,#495,.F.);
#68=ORIENTED_EDGE('',*,*,#496,.T.);
#69=ORIENTED_EDGE('',*,*,#497,.F.);
#70=ORIENTED_EDGE('',*,*,#495,.T.);
#71=ORIENTED_EDGE('',*,*,#498,.F.);
#72=ORIENTED_EDGE('',*,*,#499,.F.);
#73=ORIENTED_EDGE('',*,*,#500,.F.);
#74=ORIENTED_EDGE('',*,*,#501,.F.);
#75=ORIENTED_EDGE('',*,*,#474,.T.);
#76=ORIENTED_EDGE('',*,*,#502,.T.);
#77=ORIENTED_EDGE('',*,*,#503,.T.);
#78=ORIENTED_EDGE('',*,*,#504,.F.);
#79=ORIENTED_EDGE('',*,*,#483,.T.);
#80=ORIENTED_EDGE('',*,*,#504,.T.);
#81=ORIENTED_EDGE('',*,*,#505,.T.);
#82=ORIENTED_EDGE('',*,*,#506,.F.);
#83=ORIENTED_EDGE('',*,*,#484,.T.);
#84=ORIENTED_EDGE('',*,*,#507,.F.);
#85=ORIENTED_EDGE('',*,*,#506,.T.);
#86=ORIENTED_EDGE('',*,*,#508,.T.);
#87=ORIENTED_EDGE('',*,*,#509,.F.);
#88=ORIENTED_EDGE('',*,*,#485,.T.);
#89=ORIENTED_EDGE('',*,*,#510,.F.);
#90=ORIENTED_EDGE('',*,*,#511,.F.);
#91=ORIENTED_EDGE('',*,*,#502,.F.);
#92=ORIENTED_EDGE('',*,*,#487,.T.);
#93=ORIENTED_EDGE('',*,*,#512,.T.);
#94=ORIENTED_EDGE('',*,*,#513,.F.);
#95=ORIENTED_EDGE('',*,*,#514,.T.);
#96=ORIENTED_EDGE('',*,*,#515,.F.);
#97=ORIENTED_EDGE('',*,*,#477,.F.);
#98=ORIENTED_EDGE('',*,*,#493,.T.);
#99=ORIENTED_EDGE('',*,*,#516,.T.);
#100=ORIENTED_EDGE('',*,*,#517,.F.);
#101=ORIENTED_EDGE('',*,*,#478,.F.);
#102=ORIENTED_EDGE('',*,*,#515,.T.);
#103=ORIENTED_EDGE('',*,*,#518,.F.);
#104=ORIENTED_EDGE('',*,*,#519,.F.);
#105=ORIENTED_EDGE('',*,*,#520,.F.);
#106=ORIENTED_EDGE('',*,*,#479,.T.);
#107=ORIENTED_EDGE('',*,*,#517,.T.);
#108=ORIENTED_EDGE('',*,*,#521,.F.);
#109=ORIENTED_EDGE('',*,*,#491,.F.);
#110=ORIENTED_EDGE('',*,*,#480,.T.);
#111=ORIENTED_EDGE('',*,*,#520,.T.);
#112=ORIENTED_EDGE('',*,*,#522,.F.);
#113=ORIENTED_EDGE('',*,*,#512,.F.);
#114=ORIENTED_EDGE('',*,*,#486,.T.);
#115=ORIENTED_EDGE('',*,*,#509,.T.);
#116=ORIENTED_EDGE('',*,*,#492,.T.);
#117=ORIENTED_EDGE('',*,*,#521,.T.);
#118=ORIENTED_EDGE('',*,*,#519,.T.);
#119=ORIENTED_EDGE('',*,*,#516,.F.);
#120=ORIENTED_EDGE('',*,*,#514,.F.);
#121=ORIENTED_EDGE('',*,*,#523,.F.);
#122=ORIENTED_EDGE('',*,*,#496,.F.);
#123=ORIENTED_EDGE('',*,*,#503,.F.);
#124=ORIENTED_EDGE('',*,*,#511,.T.);
#125=ORIENTED_EDGE('',*,*,#522,.T.);
#126=ORIENTED_EDGE('',*,*,#508,.F.);
#127=ORIENTED_EDGE('',*,*,#505,.F.);
#128=ORIENTED_EDGE('',*,*,#490,.F.);
#129=ORIENTED_EDGE('',*,*,#524,.F.);
#130=ORIENTED_EDGE('',*,*,#499,.T.);
#131=ORIENTED_EDGE('',*,*,#482,.T.);
#132=ORIENTED_EDGE('',*,*,#489,.F.);
#133=ORIENTED_EDGE('',*,*,#525,.F.);
#134=ORIENTED_EDGE('',*,*,#500,.T.);
#135=ORIENTED_EDGE('',*,*,#524,.T.);
#136=ORIENTED_EDGE('',*,*,#494,.F.);
#137=ORIENTED_EDGE('',*,*,#475,.F.);
#138=ORIENTED_EDGE('',*,*,#501,.T.);
#139=ORIENTED_EDGE('',*,*,#525,.T.);
#140=ORIENTED_EDGE('',*,*,#507,.T.);
#141=ORIENTED_EDGE('',*,*,#518,.T.);
#142=ORIENTED_EDGE('',*,*,#510,.T.);
#143=ORIENTED_EDGE('',*,*,#513,.T.);
#144=ORIENTED_EDGE('',*,*,#498,.T.);
#145=ORIENTED_EDGE('',*,*,#488,.T.);
#146=ORIENTED_EDGE('',*,*,#526,.F.);
#147=ORIENTED_EDGE('',*,*,#523,.T.);
#148=ORIENTED_EDGE('',*,*,#527,.F.);
#149=ORIENTED_EDGE('',*,*,#526,.T.);
#150=ORIENTED_EDGE('',*,*,#528,.F.);
#151=ORIENTED_EDGE('',*,*,#527,.T.);
#152=ORIENTED_EDGE('',*,*,#528,.T.);
#153=ORIENTED_EDGE('',*,*,#529,.F.);
#154=ORIENTED_EDGE('',*,*,#497,.T.);
#155=ORIENTED_EDGE('',*,*,#529,.T.);
#156=ORIENTED_EDGE('',*,*,#530,.T.);
#157=ORIENTED_EDGE('',*,*,#531,.F.);
#158=ORIENTED_EDGE('',*,*,#532,.F.);
#159=ORIENTED_EDGE('',*,*,#533,.F.);
#160=ORIENTED_EDGE('',*,*,#534,.F.);
#161=ORIENTED_EDGE('',*,*,#535,.T.);
#162=ORIENTED_EDGE('',*,*,#536,.T.);
#163=ORIENTED_EDGE('',*,*,#537,.F.);
#164=ORIENTED_EDGE('',*,*,#538,.F.);
#165=ORIENTED_EDGE('',*,*,#539,.T.);
#166=ORIENTED_EDGE('',*,*,#540,.T.);
#167=ORIENTED_EDGE('',*,*,#541,.F.);
#168=ORIENTED_EDGE('',*,*,#542,.F.);
#169=ORIENTED_EDGE('',*,*,#543,.T.);
#170=ORIENTED_EDGE('',*,*,#544,.T.);
#171=ORIENTED_EDGE('',*,*,#545,.F.);
#172=ORIENTED_EDGE('',*,*,#546,.F.);
#173=ORIENTED_EDGE('',*,*,#547,.T.);
#174=ORIENTED_EDGE('',*,*,#548,.T.);
#175=ORIENTED_EDGE('',*,*,#549,.F.);
#176=ORIENTED_EDGE('',*,*,#550,.F.);
#177=ORIENTED_EDGE('',*,*,#551,.T.);
#178=ORIENTED_EDGE('',*,*,#552,.T.);
#179=ORIENTED_EDGE('',*,*,#553,.F.);
#180=ORIENTED_EDGE('',*,*,#554,.F.);
#181=ORIENTED_EDGE('',*,*,#555,.T.);
#182=ORIENTED_EDGE('',*,*,#556,.T.);
#183=ORIENTED_EDGE('',*,*,#557,.F.);
#184=ORIENTED_EDGE('',*,*,#558,.F.);
#185=ORIENTED_EDGE('',*,*,#559,.T.);
#186=ORIENTED_EDGE('',*,*,#560,.T.);
#187=ORIENTED_EDGE('',*,*,#561,.F.);
#188=ORIENTED_EDGE('',*,*,#562,.F.);
#189=ORIENTED_EDGE('',*,*,#563,.F.);
#190=ORIENTED_EDGE('',*,*,#564,.F.);
#191=ORIENTED_EDGE('',*,*,#565,.F.);
#192=ORIENTED_EDGE('',*,*,#566,.T.);
#193=ORIENTED_EDGE('',*,*,#567,.T.);
#194=ORIENTED_EDGE('',*,*,#568,.F.);
#195=ORIENTED_EDGE('',*,*,#569,.F.);
#196=ORIENTED_EDGE('',*,*,#570,.F.);
#197=ORIENTED_EDGE('',*,*,#571,.F.);
#198=ORIENTED_EDGE('',*,*,#572,.F.);
#199=ORIENTED_EDGE('',*,*,#573,.T.);
#200=ORIENTED_EDGE('',*,*,#574,.T.);
#201=ORIENTED_EDGE('',*,*,#575,.T.);
#202=ORIENTED_EDGE('',*,*,#576,.F.);
#203=ORIENTED_EDGE('',*,*,#577,.F.);
#204=ORIENTED_EDGE('',*,*,#578,.F.);
#205=ORIENTED_EDGE('',*,*,#579,.F.);
#206=ORIENTED_EDGE('',*,*,#580,.F.);
#207=ORIENTED_EDGE('',*,*,#581,.T.);
#208=ORIENTED_EDGE('',*,*,#582,.T.);
#209=ORIENTED_EDGE('',*,*,#583,.T.);
#210=ORIENTED_EDGE('',*,*,#584,.F.);
#211=ORIENTED_EDGE('',*,*,#585,.T.);
#212=ORIENTED_EDGE('',*,*,#586,.T.);
#213=ORIENTED_EDGE('',*,*,#587,.F.);
#214=ORIENTED_EDGE('',*,*,#588,.F.);
#215=ORIENTED_EDGE('',*,*,#589,.T.);
#216=ORIENTED_EDGE('',*,*,#590,.T.);
#217=ORIENTED_EDGE('',*,*,#591,.F.);
#218=ORIENTED_EDGE('',*,*,#592,.F.);
#219=ORIENTED_EDGE('',*,*,#593,.T.);
#220=ORIENTED_EDGE('',*,*,#594,.T.);
#221=ORIENTED_EDGE('',*,*,#595,.F.);
#222=ORIENTED_EDGE('',*,*,#596,.F.);
#223=ORIENTED_EDGE('',*,*,#597,.T.);
#224=ORIENTED_EDGE('',*,*,#598,.T.);
#225=ORIENTED_EDGE('',*,*,#599,.F.);
#226=ORIENTED_EDGE('',*,*,#600,.F.);
#227=ORIENTED_EDGE('',*,*,#601,.T.);
#228=ORIENTED_EDGE('',*,*,#602,.T.);
#229=ORIENTED_EDGE('',*,*,#603,.F.);
#230=ORIENTED_EDGE('',*,*,#604,.F.);
#231=ORIENTED_EDGE('',*,*,#605,.T.);
#232=ORIENTED_EDGE('',*,*,#606,.T.);
#233=ORIENTED_EDGE('',*,*,#607,.F.);
#234=ORIENTED_EDGE('',*,*,#608,.F.);
#235=ORIENTED_EDGE('',*,*,#609,.T.);
#236=ORIENTED_EDGE('',*,*,#610,.T.);
#237=ORIENTED_EDGE('',*,*,#611,.T.);
#238=ORIENTED_EDGE('',*,*,#612,.T.);
#239=ORIENTED_EDGE('',*,*,#613,.T.);
#240=ORIENTED_EDGE('',*,*,#614,.T.);
#241=ORIENTED_EDGE('',*,*,#615,.F.);
#242=ORIENTED_EDGE('',*,*,#616,.F.);
#243=ORIENTED_EDGE('',*,*,#617,.T.);
#244=ORIENTED_EDGE('',*,*,#618,.T.);
#245=ORIENTED_EDGE('',*,*,#619,.F.);
#246=ORIENTED_EDGE('',*,*,#608,.T.);
#247=ORIENTED_EDGE('',*,*,#620,.F.);
#248=ORIENTED_EDGE('',*,*,#566,.F.);
#249=ORIENTED_EDGE('',*,*,#621,.T.);
#250=ORIENTED_EDGE('',*,*,#622,.T.);
#251=ORIENTED_EDGE('',*,*,#579,.T.);
#252=ORIENTED_EDGE('',*,*,#623,.T.);
#253=ORIENTED_EDGE('',*,*,#609,.F.);
#254=ORIENTED_EDGE('',*,*,#621,.F.);
#255=ORIENTED_EDGE('',*,*,#565,.T.);
#256=ORIENTED_EDGE('',*,*,#624,.F.);
#257=ORIENTED_EDGE('',*,*,#625,.T.);
#258=ORIENTED_EDGE('',*,*,#626,.F.);
#259=ORIENTED_EDGE('',*,*,#610,.F.);
#260=ORIENTED_EDGE('',*,*,#623,.F.);
#261=ORIENTED_EDGE('',*,*,#578,.T.);
#262=ORIENTED_EDGE('',*,*,#627,.T.);
#263=ORIENTED_EDGE('',*,*,#611,.F.);
#264=ORIENTED_EDGE('',*,*,#627,.F.);
#265=ORIENTED_EDGE('',*,*,#577,.T.);
#266=ORIENTED_EDGE('',*,*,#628,.T.);
#267=ORIENTED_EDGE('',*,*,#629,.T.);
#268=ORIENTED_EDGE('',*,*,#572,.T.);
#269=ORIENTED_EDGE('',*,*,#630,.T.);
#270=ORIENTED_EDGE('',*,*,#612,.F.);
#271=ORIENTED_EDGE('',*,*,#628,.F.);
#272=ORIENTED_EDGE('',*,*,#576,.T.);
#273=ORIENTED_EDGE('',*,*,#631,.F.);
#274=ORIENTED_EDGE('',*,*,#632,.T.);
#275=ORIENTED_EDGE('',*,*,#633,.F.);
#276=ORIENTED_EDGE('',*,*,#613,.F.);
#277=ORIENTED_EDGE('',*,*,#630,.F.);
#278=ORIENTED_EDGE('',*,*,#571,.T.);
#279=ORIENTED_EDGE('',*,*,#634,.F.);
#280=ORIENTED_EDGE('',*,*,#635,.T.);
#281=ORIENTED_EDGE('',*,*,#636,.T.);
#282=ORIENTED_EDGE('',*,*,#637,.F.);
#283=ORIENTED_EDGE('',*,*,#636,.F.);
#284=ORIENTED_EDGE('',*,*,#638,.T.);
#285=ORIENTED_EDGE('',*,*,#639,.T.);
#286=ORIENTED_EDGE('',*,*,#568,.T.);
#287=ORIENTED_EDGE('',*,*,#640,.T.);
#288=ORIENTED_EDGE('',*,*,#614,.F.);
#289=ORIENTED_EDGE('',*,*,#615,.T.);
#290=ORIENTED_EDGE('',*,*,#640,.F.);
#291=ORIENTED_EDGE('',*,*,#567,.F.);
#292=ORIENTED_EDGE('',*,*,#620,.T.);
#293=ORIENTED_EDGE('',*,*,#546,.T.);
#294=ORIENTED_EDGE('',*,*,#641,.T.);
#295=ORIENTED_EDGE('',*,*,#605,.F.);
#296=ORIENTED_EDGE('',*,*,#642,.F.);
#297=ORIENTED_EDGE('',*,*,#642,.T.);
#298=ORIENTED_EDGE('',*,*,#604,.T.);
#299=ORIENTED_EDGE('',*,*,#643,.F.);
#300=ORIENTED_EDGE('',*,*,#547,.F.);
#301=ORIENTED_EDGE('',*,*,#643,.T.);
#302=ORIENTED_EDGE('',*,*,#607,.T.);
#303=ORIENTED_EDGE('',*,*,#644,.F.);
#304=ORIENTED_EDGE('',*,*,#548,.F.);
#305=ORIENTED_EDGE('',*,*,#549,.T.);
#306=ORIENTED_EDGE('',*,*,#644,.T.);
#307=ORIENTED_EDGE('',*,*,#606,.F.);
#308=ORIENTED_EDGE('',*,*,#641,.F.);
#309=ORIENTED_EDGE('',*,*,#542,.T.);
#310=ORIENTED_EDGE('',*,*,#645,.T.);
#311=ORIENTED_EDGE('',*,*,#601,.F.);
#312=ORIENTED_EDGE('',*,*,#646,.F.);
#313=ORIENTED_EDGE('',*,*,#646,.T.);
#314=ORIENTED_EDGE('',*,*,#600,.T.);
#315=ORIENTED_EDGE('',*,*,#647,.F.);
#316=ORIENTED_EDGE('',*,*,#543,.F.);
#317=ORIENTED_EDGE('',*,*,#647,.T.);
#318=ORIENTED_EDGE('',*,*,#603,.T.);
#319=ORIENTED_EDGE('',*,*,#648,.F.);
#320=ORIENTED_EDGE('',*,*,#544,.F.);
#321=ORIENTED_EDGE('',*,*,#545,.T.);
#322=ORIENTED_EDGE('',*,*,#648,.T.);
#323=ORIENTED_EDGE('',*,*,#602,.F.);
#324=ORIENTED_EDGE('',*,*,#645,.F.);
#325=ORIENTED_EDGE('',*,*,#550,.T.);
#326=ORIENTED_EDGE('',*,*,#649,.T.);
#327=ORIENTED_EDGE('',*,*,#597,.F.);
#328=ORIENTED_EDGE('',*,*,#650,.F.);
#329=ORIENTED_EDGE('',*,*,#650,.T.);
#330=ORIENTED_EDGE('',*,*,#596,.T.);
#331=ORIENTED_EDGE('',*,*,#651,.F.);
#332=ORIENTED_EDGE('',*,*,#551,.F.);
#333=ORIENTED_EDGE('',*,*,#651,.T.);
#334=ORIENTED_EDGE('',*,*,#599,.T.);
#335=ORIENTED_EDGE('',*,*,#652,.F.);
#336=ORIENTED_EDGE('',*,*,#552,.F.);
#337=ORIENTED_EDGE('',*,*,#553,.T.);
#338=ORIENTED_EDGE('',*,*,#652,.T.);
#339=ORIENTED_EDGE('',*,*,#598,.F.);
#340=ORIENTED_EDGE('',*,*,#649,.F.);
#341=ORIENTED_EDGE('',*,*,#538,.T.);
#342=ORIENTED_EDGE('',*,*,#653,.T.);
#343=ORIENTED_EDGE('',*,*,#593,.F.);
#344=ORIENTED_EDGE('',*,*,#654,.F.);
#345=ORIENTED_EDGE('',*,*,#654,.T.);
#346=ORIENTED_EDGE('',*,*,#592,.T.);
#347=ORIENTED_EDGE('',*,*,#655,.F.);
#348=ORIENTED_EDGE('',*,*,#539,.F.);
#349=ORIENTED_EDGE('',*,*,#655,.T.);
#350=ORIENTED_EDGE('',*,*,#595,.T.);
#351=ORIENTED_EDGE('',*,*,#656,.F.);
#352=ORIENTED_EDGE('',*,*,#540,.F.);
#353=ORIENTED_EDGE('',*,*,#541,.T.);
#354=ORIENTED_EDGE('',*,*,#656,.T.);
#355=ORIENTED_EDGE('',*,*,#594,.F.);
#356=ORIENTED_EDGE('',*,*,#653,.F.);
#357=ORIENTED_EDGE('',*,*,#554,.T.);
#358=ORIENTED_EDGE('',*,*,#657,.T.);
#359=ORIENTED_EDGE('',*,*,#589,.F.);
#360=ORIENTED_EDGE('',*,*,#658,.F.);
#361=ORIENTED_EDGE('',*,*,#658,.T.);
#362=ORIENTED_EDGE('',*,*,#588,.T.);
#363=ORIENTED_EDGE('',*,*,#659,.F.);
#364=ORIENTED_EDGE('',*,*,#555,.F.);
#365=ORIENTED_EDGE('',*,*,#659,.T.);
#366=ORIENTED_EDGE('',*,*,#591,.T.);
#367=ORIENTED_EDGE('',*,*,#660,.F.);
#368=ORIENTED_EDGE('',*,*,#556,.F.);
#369=ORIENTED_EDGE('',*,*,#557,.T.);
#370=ORIENTED_EDGE('',*,*,#660,.T.);
#371=ORIENTED_EDGE('',*,*,#590,.F.);
#372=ORIENTED_EDGE('',*,*,#657,.F.);
#373=ORIENTED_EDGE('',*,*,#534,.T.);
#374=ORIENTED_EDGE('',*,*,#661,.T.);
#375=ORIENTED_EDGE('',*,*,#585,.F.);
#376=ORIENTED_EDGE('',*,*,#662,.F.);
#377=ORIENTED_EDGE('',*,*,#662,.T.);
#378=ORIENTED_EDGE('',*,*,#584,.T.);
#379=ORIENTED_EDGE('',*,*,#663,.F.);
#380=ORIENTED_EDGE('',*,*,#535,.F.);
#381=ORIENTED_EDGE('',*,*,#663,.T.);
#382=ORIENTED_EDGE('',*,*,#587,.T.);
#383=ORIENTED_EDGE('',*,*,#664,.F.);
#384=ORIENTED_EDGE('',*,*,#536,.F.);
#385=ORIENTED_EDGE('',*,*,#537,.T.);
#386=ORIENTED_EDGE('',*,*,#664,.T.);
#387=ORIENTED_EDGE('',*,*,#586,.F.);
#388=ORIENTED_EDGE('',*,*,#661,.F.);
#389=ORIENTED_EDGE('',*,*,#558,.T.);
#390=ORIENTED_EDGE('',*,*,#665,.T.);
#391=ORIENTED_EDGE('',*,*,#617,.F.);
#392=ORIENTED_EDGE('',*,*,#666,.F.);
#393=ORIENTED_EDGE('',*,*,#666,.T.);
#394=ORIENTED_EDGE('',*,*,#616,.T.);
#395=ORIENTED_EDGE('',*,*,#667,.F.);
#396=ORIENTED_EDGE('',*,*,#559,.F.);
#397=ORIENTED_EDGE('',*,*,#667,.T.);
#398=ORIENTED_EDGE('',*,*,#619,.T.);
#399=ORIENTED_EDGE('',*,*,#668,.F.);
#400=ORIENTED_EDGE('',*,*,#560,.F.);
#401=ORIENTED_EDGE('',*,*,#561,.T.);
#402=ORIENTED_EDGE('',*,*,#668,.T.);
#403=ORIENTED_EDGE('',*,*,#618,.F.);
#404=ORIENTED_EDGE('',*,*,#665,.F.);
#405=ORIENTED_EDGE('',*,*,#533,.T.);
#406=ORIENTED_EDGE('',*,*,#669,.F.);
#407=ORIENTED_EDGE('',*,*,#581,.F.);
#408=ORIENTED_EDGE('',*,*,#670,.F.);
#409=ORIENTED_EDGE('',*,*,#532,.T.);
#410=ORIENTED_EDGE('',*,*,#671,.F.);
#411=ORIENTED_EDGE('',*,*,#582,.F.);
#412=ORIENTED_EDGE('',*,*,#669,.T.);
#413=ORIENTED_EDGE('',*,*,#531,.T.);
#414=ORIENTED_EDGE('',*,*,#672,.T.);
#415=ORIENTED_EDGE('',*,*,#583,.F.);
#416=ORIENTED_EDGE('',*,*,#671,.T.);
#417=ORIENTED_EDGE('',*,*,#580,.T.);
#418=ORIENTED_EDGE('',*,*,#672,.F.);
#419=ORIENTED_EDGE('',*,*,#530,.F.);
#420=ORIENTED_EDGE('',*,*,#670,.T.);
#421=ORIENTED_EDGE('',*,*,#673,.T.);
#422=ORIENTED_EDGE('',*,*,#673,.F.);
#423=ORIENTED_EDGE('',*,*,#633,.T.);
#424=ORIENTED_EDGE('',*,*,#674,.T.);
#425=ORIENTED_EDGE('',*,*,#674,.F.);
#426=ORIENTED_EDGE('',*,*,#626,.T.);
#427=ORIENTED_EDGE('',*,*,#675,.T.);
#428=ORIENTED_EDGE('',*,*,#637,.T.);
#429=ORIENTED_EDGE('',*,*,#675,.F.);
#430=ORIENTED_EDGE('',*,*,#573,.F.);
#431=ORIENTED_EDGE('',*,*,#629,.F.);
#432=ORIENTED_EDGE('',*,*,#676,.T.);
#433=ORIENTED_EDGE('',*,*,#677,.T.);
#434=ORIENTED_EDGE('',*,*,#575,.F.);
#435=ORIENTED_EDGE('',*,*,#678,.F.);
#436=ORIENTED_EDGE('',*,*,#679,.T.);
#437=ORIENTED_EDGE('',*,*,#631,.T.);
#438=ORIENTED_EDGE('',*,*,#574,.F.);
#439=ORIENTED_EDGE('',*,*,#677,.F.);
#440=ORIENTED_EDGE('',*,*,#680,.T.);
#441=ORIENTED_EDGE('',*,*,#678,.T.);
#442=ORIENTED_EDGE('',*,*,#676,.F.);
#443=ORIENTED_EDGE('',*,*,#632,.F.);
#444=ORIENTED_EDGE('',*,*,#679,.F.);
#445=ORIENTED_EDGE('',*,*,#680,.F.);
#446=ORIENTED_EDGE('',*,*,#564,.T.);
#447=ORIENTED_EDGE('',*,*,#681,.F.);
#448=ORIENTED_EDGE('',*,*,#682,.F.);
#449=ORIENTED_EDGE('',*,*,#624,.T.);
#450=ORIENTED_EDGE('',*,*,#563,.T.);
#451=ORIENTED_EDGE('',*,*,#683,.F.);
#452=ORIENTED_EDGE('',*,*,#684,.F.);
#453=ORIENTED_EDGE('',*,*,#681,.T.);
#454=ORIENTED_EDGE('',*,*,#562,.T.);
#455=ORIENTED_EDGE('',*,*,#622,.F.);
#456=ORIENTED_EDGE('',*,*,#685,.F.);
#457=ORIENTED_EDGE('',*,*,#683,.T.);
#458=ORIENTED_EDGE('',*,*,#625,.F.);
#459=ORIENTED_EDGE('',*,*,#682,.T.);
#460=ORIENTED_EDGE('',*,*,#684,.T.);
#461=ORIENTED_EDGE('',*,*,#685,.T.);
#462=ORIENTED_EDGE('',*,*,#570,.T.);
#463=ORIENTED_EDGE('',*,*,#686,.F.);
#464=ORIENTED_EDGE('',*,*,#687,.F.);
#465=ORIENTED_EDGE('',*,*,#634,.T.);
#466=ORIENTED_EDGE('',*,*,#569,.T.);
#467=ORIENTED_EDGE('',*,*,#639,.F.);
#468=ORIENTED_EDGE('',*,*,#688,.F.);
#469=ORIENTED_EDGE('',*,*,#686,.T.);
#470=ORIENTED_EDGE('',*,*,#635,.F.);
#471=ORIENTED_EDGE('',*,*,#687,.T.);
#472=ORIENTED_EDGE('',*,*,#688,.T.);
#473=ORIENTED_EDGE('',*,*,#638,.F.);
#474=EDGE_CURVE('',#689,#690,#839,.T.);
#475=EDGE_CURVE('',#689,#691,#840,.T.);
#476=EDGE_CURVE('',#692,#691,#841,.T.);
#477=EDGE_CURVE('',#692,#693,#842,.T.);
#478=EDGE_CURVE('',#693,#694,#843,.T.);
#479=EDGE_CURVE('',#695,#694,#844,.T.);
#480=EDGE_CURVE('',#696,#695,#845,.T.);
#481=EDGE_CURVE('',#697,#696,#846,.T.);
#482=EDGE_CURVE('',#698,#697,#847,.T.);
#483=EDGE_CURVE('',#699,#698,#848,.T.);
#484=EDGE_CURVE('',#700,#699,#849,.T.);
#485=EDGE_CURVE('',#701,#700,#850,.T.);
#486=EDGE_CURVE('',#702,#701,#851,.T.);
#487=EDGE_CURVE('',#690,#702,#852,.T.);
#488=EDGE_CURVE('',#703,#703,#24,.T.);
#489=EDGE_CURVE('',#704,#705,#853,.T.);
#490=EDGE_CURVE('',#705,#697,#854,.T.);
#491=EDGE_CURVE('',#696,#706,#855,.T.);
#492=EDGE_CURVE('',#707,#706,#856,.T.);
#493=EDGE_CURVE('',#692,#707,#857,.T.);
#494=EDGE_CURVE('',#691,#704,#858,.T.);
#495=EDGE_CURVE('',#708,#708,#25,.T.);
#496=EDGE_CURVE('',#709,#709,#26,.T.);
#497=EDGE_CURVE('',#710,#710,#27,.T.);
#498=EDGE_CURVE('',#711,#711,#28,.T.);
#499=EDGE_CURVE('',#712,#698,#859,.T.);
#500=EDGE_CURVE('',#713,#712,#860,.T.);
#501=EDGE_CURVE('',#689,#713,#861,.T.);
#502=EDGE_CURVE('',#690,#714,#862,.T.);
#503=EDGE_CURVE('',#714,#715,#863,.T.);
#504=EDGE_CURVE('',#699,#715,#864,.T.);
#505=EDGE_CURVE('',#715,#716,#865,.T.);
#506=EDGE_CURVE('',#700,#716,#866,.T.);
#507=EDGE_CURVE('',#717,#717,#29,.T.);
#508=EDGE_CURVE('',#716,#718,#867,.T.);
#509=EDGE_CURVE('',#701,#718,#868,.T.);
#510=EDGE_CURVE('',#719,#719,#30,.T.);
#511=EDGE_CURVE('',#714,#720,#869,.T.);
#512=EDGE_CURVE('',#702,#720,#870,.T.);
#513=EDGE_CURVE('',#721,#721,#31,.T.);
#514=EDGE_CURVE('',#707,#722,#871,.T.);
#515=EDGE_CURVE('',#693,#722,#872,.T.);
#516=EDGE_CURVE('',#722,#723,#873,.T.);
#517=EDGE_CURVE('',#694,#723,#874,.T.);
#518=EDGE_CURVE('',#724,#724,#32,.T.);
#519=EDGE_CURVE('',#725,#723,#875,.T.);
#520=EDGE_CURVE('',#695,#725,#876,.T.);
#521=EDGE_CURVE('',#706,#725,#877,.T.);
#522=EDGE_CURVE('',#720,#718,#878,.T.);
#523=EDGE_CURVE('',#726,#726,#33,.T.);
#524=EDGE_CURVE('',#712,#705,#879,.T.);
#525=EDGE_CURVE('',#713,#704,#880,.T.);
#526=EDGE_CURVE('',#727,#727,#34,.T.);
#527=EDGE_CURVE('',#728,#728,#35,.T.);
#528=EDGE_CURVE('',#729,#729,#36,.T.);
#529=EDGE_CURVE('',#730,#730,#37,.T.);
#530=EDGE_CURVE('',#731,#732,#881,.F.);
#531=EDGE_CURVE('',#733,#732,#882,.T.);
#532=EDGE_CURVE('',#734,#733,#883,.T.);
#533=EDGE_CURVE('',#731,#734,#884,.T.);
#534=EDGE_CURVE('',#735,#736,#885,.T.);
#535=EDGE_CURVE('',#735,#737,#886,.T.);
#536=EDGE_CURVE('',#737,#738,#887,.T.);
#537=EDGE_CURVE('',#736,#738,#888,.T.);
#538=EDGE_CURVE('',#739,#740,#889,.T.);
#539=EDGE_CURVE('',#739,#741,#890,.T.);
#540=EDGE_CURVE('',#741,#742,#891,.T.);
#541=EDGE_CURVE('',#740,#742,#892,.T.);
#542=EDGE_CURVE('',#743,#744,#893,.T.);
#543=EDGE_CURVE('',#743,#745,#894,.T.);
#544=EDGE_CURVE('',#745,#746,#895,.T.);
#545=EDGE_CURVE('',#744,#746,#896,.T.);
#546=EDGE_CURVE('',#747,#748,#897,.T.);
#547=EDGE_CURVE('',#747,#749,#898,.T.);
#548=EDGE_CURVE('',#749,#750,#899,.T.);
#549=EDGE_CURVE('',#748,#750,#900,.T.);
#550=EDGE_CURVE('',#751,#752,#901,.T.);
#551=EDGE_CURVE('',#751,#753,#902,.T.);
#552=EDGE_CURVE('',#753,#754,#903,.T.);
#553=EDGE_CURVE('',#752,#754,#904,.T.);
#554=EDGE_CURVE('',#755,#756,#905,.T.);
#555=EDGE_CURVE('',#755,#757,#906,.T.);
#556=EDGE_CURVE('',#757,#758,#907,.T.);
#557=EDGE_CURVE('',#756,#758,#908,.T.);
#558=EDGE_CURVE('',#759,#760,#909,.T.);
#559=EDGE_CURVE('',#759,#761,#910,.T.);
#560=EDGE_CURVE('',#761,#762,#911,.T.);
#561=EDGE_CURVE('',#760,#762,#912,.T.);
#562=EDGE_CURVE('',#763,#764,#913,.T.);
#563=EDGE_CURVE('',#765,#763,#914,.T.);
#564=EDGE_CURVE('',#766,#765,#915,.T.);
#565=EDGE_CURVE('',#767,#766,#916,.T.);
#566=EDGE_CURVE('',#767,#768,#917,.T.);
#567=EDGE_CURVE('',#768,#769,#918,.T.);
#568=EDGE_CURVE('',#770,#769,#919,.T.);
#569=EDGE_CURVE('',#771,#770,#920,.T.);
#570=EDGE_CURVE('',#772,#771,#921,.T.);
#571=EDGE_CURVE('',#773,#772,#922,.T.);
#572=EDGE_CURVE('',#774,#773,#923,.T.);
#573=EDGE_CURVE('',#774,#775,#924,.T.);
#574=EDGE_CURVE('',#775,#776,#925,.T.);
#575=EDGE_CURVE('',#776,#777,#926,.T.);
#576=EDGE_CURVE('',#778,#777,#927,.T.);
#577=EDGE_CURVE('',#779,#778,#928,.T.);
#578=EDGE_CURVE('',#780,#779,#929,.T.);
#579=EDGE_CURVE('',#764,#780,#930,.T.);
#580=EDGE_CURVE('',#781,#782,#931,.F.);
#581=EDGE_CURVE('',#781,#783,#932,.T.);
#582=EDGE_CURVE('',#783,#784,#933,.T.);
#583=EDGE_CURVE('',#784,#782,#934,.T.);
#584=EDGE_CURVE('',#785,#786,#935,.T.);
#585=EDGE_CURVE('',#785,#787,#936,.T.);
#586=EDGE_CURVE('',#787,#788,#937,.T.);
#587=EDGE_CURVE('',#786,#788,#938,.T.);
#588=EDGE_CURVE('',#789,#790,#939,.T.);
#589=EDGE_CURVE('',#789,#791,#940,.T.);
#590=EDGE_CURVE('',#791,#792,#941,.T.);
#591=EDGE_CURVE('',#790,#792,#942,.T.);
#592=EDGE_CURVE('',#793,#794,#943,.T.);
#593=EDGE_CURVE('',#793,#795,#944,.T.);
#594=EDGE_CURVE('',#795,#796,#945,.T.);
#595=EDGE_CURVE('',#794,#796,#946,.T.);
#596=EDGE_CURVE('',#797,#798,#947,.T.);
#597=EDGE_CURVE('',#797,#799,#948,.T.);
#598=EDGE_CURVE('',#799,#800,#949,.T.);
#599=EDGE_CURVE('',#798,#800,#950,.T.);
#600=EDGE_CURVE('',#801,#802,#951,.T.);
#601=EDGE_CURVE('',#801,#803,#952,.T.);
#602=EDGE_CURVE('',#803,#804,#953,.T.);
#603=EDGE_CURVE('',#802,#804,#954,.T.);
#604=EDGE_CURVE('',#805,#806,#955,.T.);
#605=EDGE_CURVE('',#805,#807,#956,.T.);
#606=EDGE_CURVE('',#807,#808,#957,.T.);
#607=EDGE_CURVE('',#806,#808,#958,.T.);
#608=EDGE_CURVE('',#809,#810,#959,.T.);
#609=EDGE_CURVE('',#809,#811,#960,.T.);
#610=EDGE_CURVE('',#811,#812,#961,.T.);
#611=EDGE_CURVE('',#812,#813,#962,.T.);
#612=EDGE_CURVE('',#813,#814,#963,.T.);
#613=EDGE_CURVE('',#814,#815,#964,.T.);
#614=EDGE_CURVE('',#815,#816,#965,.T.);
#615=EDGE_CURVE('',#810,#816,#966,.T.);
#616=EDGE_CURVE('',#817,#818,#967,.T.);
#617=EDGE_CURVE('',#817,#819,#968,.T.);
#618=EDGE_CURVE('',#819,#820,#969,.T.);
#619=EDGE_CURVE('',#818,#820,#970,.T.);
#620=EDGE_CURVE('',#768,#810,#971,.T.);
#621=EDGE_CURVE('',#767,#809,#972,.T.);
#622=EDGE_CURVE('',#821,#764,#973,.T.);
#623=EDGE_CURVE('',#780,#811,#974,.T.);
#624=EDGE_CURVE('',#822,#766,#975,.T.);
#625=EDGE_CURVE('',#822,#821,#976,.T.);
#626=EDGE_CURVE('',#823,#823,#38,.T.);
#627=EDGE_CURVE('',#779,#812,#977,.T.);
#628=EDGE_CURVE('',#778,#813,#978,.T.);
#629=EDGE_CURVE('',#824,#774,#979,.T.);
#630=EDGE_CURVE('',#773,#814,#980,.T.);
#631=EDGE_CURVE('',#825,#777,#981,.T.);
#632=EDGE_CURVE('',#825,#824,#982,.T.);
#633=EDGE_CURVE('',#826,#826,#39,.T.);
#634=EDGE_CURVE('',#827,#772,#983,.T.);
#635=EDGE_CURVE('',#827,#828,#984,.T.);
#636=EDGE_CURVE('',#828,#815,#985,.T.);
#637=EDGE_CURVE('',#829,#829,#40,.T.);
#638=EDGE_CURVE('',#828,#830,#986,.T.);
#639=EDGE_CURVE('',#830,#770,#987,.T.);
#640=EDGE_CURVE('',#769,#816,#988,.T.);
#641=EDGE_CURVE('',#748,#807,#989,.T.);
#642=EDGE_CURVE('',#747,#805,#990,.T.);
#643=EDGE_CURVE('',#749,#806,#991,.T.);
#644=EDGE_CURVE('',#750,#808,#992,.T.);
#645=EDGE_CURVE('',#744,#803,#993,.T.);
#646=EDGE_CURVE('',#743,#801,#994,.T.);
#647=EDGE_CURVE('',#745,#802,#995,.T.);
#648=EDGE_CURVE('',#746,#804,#996,.T.);
#649=EDGE_CURVE('',#752,#799,#997,.T.);
#650=EDGE_CURVE('',#751,#797,#998,.T.);
#651=EDGE_CURVE('',#753,#798,#999,.T.);
#652=EDGE_CURVE('',#754,#800,#1000,.T.);
#653=EDGE_CURVE('',#740,#795,#1001,.T.);
#654=EDGE_CURVE('',#739,#793,#1002,.T.);
#655=EDGE_CURVE('',#741,#794,#1003,.T.);
#656=EDGE_CURVE('',#742,#796,#1004,.T.);
#657=EDGE_CURVE('',#756,#791,#1005,.T.);
#658=EDGE_CURVE('',#755,#789,#1006,.T.);
#659=EDGE_CURVE('',#757,#790,#1007,.T.);
#660=EDGE_CURVE('',#758,#792,#1008,.T.);
#661=EDGE_CURVE('',#736,#787,#1009,.T.);
#662=EDGE_CURVE('',#735,#785,#1010,.T.);
#663=EDGE_CURVE('',#737,#786,#1011,.T.);
#664=EDGE_CURVE('',#738,#788,#1012,.T.);
#665=EDGE_CURVE('',#760,#819,#1013,.T.);
#666=EDGE_CURVE('',#759,#817,#1014,.T.);
#667=EDGE_CURVE('',#761,#818,#1015,.T.);
#668=EDGE_CURVE('',#762,#820,#1016,.T.);
#669=EDGE_CURVE('',#783,#734,#1017,.T.);
#670=EDGE_CURVE('',#731,#781,#1018,.F.);
#671=EDGE_CURVE('',#784,#733,#1019,.T.);
#672=EDGE_CURVE('',#732,#782,#1020,.F.);
#673=EDGE_CURVE('',#831,#831,#41,.T.);
#674=EDGE_CURVE('',#832,#832,#42,.T.);
#675=EDGE_CURVE('',#833,#833,#43,.T.);
#676=EDGE_CURVE('',#824,#834,#1021,.T.);
#677=EDGE_CURVE('',#834,#775,#1022,.T.);
#678=EDGE_CURVE('',#835,#776,#1023,.T.);
#679=EDGE_CURVE('',#835,#825,#1024,.T.);
#680=EDGE_CURVE('',#834,#835,#1025,.T.);
#681=EDGE_CURVE('',#836,#765,#1026,.T.);
#682=EDGE_CURVE('',#822,#836,#1027,.T.);
#683=EDGE_CURVE('',#837,#763,#1028,.T.);
#684=EDGE_CURVE('',#836,#837,#1029,.T.);
#685=EDGE_CURVE('',#837,#821,#1030,.T.);
#686=EDGE_CURVE('',#838,#771,#1031,.T.);
#687=EDGE_CURVE('',#827,#838,#1032,.T.);
#688=EDGE_CURVE('',#838,#830,#1033,.T.);
#689=VERTEX_POINT('',#2377);
#690=VERTEX_POINT('',#2378);
#691=VERTEX_POINT('',#2380);
#692=VERTEX_POINT('',#2382);
#693=VERTEX_POINT('',#2384);
#694=VERTEX_POINT('',#2386);
#695=VERTEX_POINT('',#2388);
#696=VERTEX_POINT('',#2390);
#697=VERTEX_POINT('',#2392);
#698=VERTEX_POINT('',#2394);
#699=VERTEX_POINT('',#2396);
#700=VERTEX_POINT('',#2398);
#701=VERTEX_POINT('',#2400);
#702=VERTEX_POINT('',#2402);
#703=VERTEX_POINT('',#2406);
#704=VERTEX_POINT('',#2408);
#705=VERTEX_POINT('',#2409);
#706=VERTEX_POINT('',#2412);
#707=VERTEX_POINT('',#2414);
#708=VERTEX_POINT('',#2419);
#709=VERTEX_POINT('',#2421);
#710=VERTEX_POINT('',#2424);
#711=VERTEX_POINT('',#2427);
#712=VERTEX_POINT('',#2429);
#713=VERTEX_POINT('',#2431);
#714=VERTEX_POINT('',#2434);
#715=VERTEX_POINT('',#2436);
#716=VERTEX_POINT('',#2440);
#717=VERTEX_POINT('',#2444);
#718=VERTEX_POINT('',#2446);
#719=VERTEX_POINT('',#2450);
#720=VERTEX_POINT('',#2452);
#721=VERTEX_POINT('',#2456);
#722=VERTEX_POINT('',#2458);
#723=VERTEX_POINT('',#2462);
#724=VERTEX_POINT('',#2466);
#725=VERTEX_POINT('',#2468);
#726=VERTEX_POINT('',#2477);
#727=VERTEX_POINT('',#2488);
#728=VERTEX_POINT('',#2491);
#729=VERTEX_POINT('',#2494);
#730=VERTEX_POINT('',#2498);
#731=VERTEX_POINT('',#2503);
#732=VERTEX_POINT('',#2504);
#733=VERTEX_POINT('',#2506);
#734=VERTEX_POINT('',#2508);
#735=VERTEX_POINT('',#2511);
#736=VERTEX_POINT('',#2512);
#737=VERTEX_POINT('',#2514);
#738=VERTEX_POINT('',#2516);
#739=VERTEX_POINT('',#2519);
#740=VERTEX_POINT('',#2520);
#741=VERTEX_POINT('',#2522);
#742=VERTEX_POINT('',#2524);
#743=VERTEX_POINT('',#2527);
#744=VERTEX_POINT('',#2528);
#745=VERTEX_POINT('',#2530);
#746=VERTEX_POINT('',#2532);
#747=VERTEX_POINT('',#2535);
#748=VERTEX_POINT('',#2536);
#749=VERTEX_POINT('',#2538);
#750=VERTEX_POINT('',#2540);
#751=VERTEX_POINT('',#2543);
#752=VERTEX_POINT('',#2544);
#753=VERTEX_POINT('',#2546);
#754=VERTEX_POINT('',#2548);
#755=VERTEX_POINT('',#2551);
#756=VERTEX_POINT('',#2552);
#757=VERTEX_POINT('',#2554);
#758=VERTEX_POINT('',#2556);
#759=VERTEX_POINT('',#2559);
#760=VERTEX_POINT('',#2560);
#761=VERTEX_POINT('',#2562);
#762=VERTEX_POINT('',#2564);
#763=VERTEX_POINT('',#2567);
#764=VERTEX_POINT('',#2568);
#765=VERTEX_POINT('',#2570);
#766=VERTEX_POINT('',#2572);
#767=VERTEX_POINT('',#2574);
#768=VERTEX_POINT('',#2576);
#769=VERTEX_POINT('',#2578);
#770=VERTEX_POINT('',#2580);
#771=VERTEX_POINT('',#2582);
#772=VERTEX_POINT('',#2584);
#773=VERTEX_POINT('',#2586);
#774=VERTEX_POINT('',#2588);
#775=VERTEX_POINT('',#2590);
#776=VERTEX_POINT('',#2592);
#777=VERTEX_POINT('',#2594);
#778=VERTEX_POINT('',#2596);
#779=VERTEX_POINT('',#2598);
#780=VERTEX_POINT('',#2600);
#781=VERTEX_POINT('',#2604);
#782=VERTEX_POINT('',#2605);
#783=VERTEX_POINT('',#2607);
#784=VERTEX_POINT('',#2609);
#785=VERTEX_POINT('',#2612);
#786=VERTEX_POINT('',#2613);
#787=VERTEX_POINT('',#2615);
#788=VERTEX_POINT('',#2617);
#789=VERTEX_POINT('',#2620);
#790=VERTEX_POINT('',#2621);
#791=VERTEX_POINT('',#2623);
#792=VERTEX_POINT('',#2625);
#793=VERTEX_POINT('',#2628);
#794=VERTEX_POINT('',#2629);
#795=VERTEX_POINT('',#2631);
#796=VERTEX_POINT('',#2633);
#797=VERTEX_POINT('',#2636);
#798=VERTEX_POINT('',#2637);
#799=VERTEX_POINT('',#2639);
#800=VERTEX_POINT('',#2641);
#801=VERTEX_POINT('',#2644);
#802=VERTEX_POINT('',#2645);
#803=VERTEX_POINT('',#2647);
#804=VERTEX_POINT('',#2649);
#805=VERTEX_POINT('',#2652);
#806=VERTEX_POINT('',#2653);
#807=VERTEX_POINT('',#2655);
#808=VERTEX_POINT('',#2657);
#809=VERTEX_POINT('',#2660);
#810=VERTEX_POINT('',#2661);
#811=VERTEX_POINT('',#2663);
#812=VERTEX_POINT('',#2665);
#813=VERTEX_POINT('',#2667);
#814=VERTEX_POINT('',#2669);
#815=VERTEX_POINT('',#2671);
#816=VERTEX_POINT('',#2673);
#817=VERTEX_POINT('',#2676);
#818=VERTEX_POINT('',#2677);
#819=VERTEX_POINT('',#2679);
#820=VERTEX_POINT('',#2681);
#821=VERTEX_POINT('',#2688);
#822=VERTEX_POINT('',#2691);
#823=VERTEX_POINT('',#2694);
#824=VERTEX_POINT('',#2701);
#825=VERTEX_POINT('',#2704);
#826=VERTEX_POINT('',#2707);
#827=VERTEX_POINT('',#2710);
#828=VERTEX_POINT('',#2712);
#829=VERTEX_POINT('',#2716);
#830=VERTEX_POINT('',#2718);
#831=VERTEX_POINT('',#2788);
#832=VERTEX_POINT('',#2792);
#833=VERTEX_POINT('',#2796);
#834=VERTEX_POINT('',#2800);
#835=VERTEX_POINT('',#2804);
#836=VERTEX_POINT('',#2811);
#837=VERTEX_POINT('',#2815);
#838=VERTEX_POINT('',#2822);
#839=LINE('',#2376,#1034);
#840=LINE('',#2379,#1035);
#841=LINE('',#2381,#1036);
#842=LINE('',#2383,#1037);
#843=LINE('',#2385,#1038);
#844=LINE('',#2387,#1039);
#845=LINE('',#2389,#1040);
#846=LINE('',#2391,#1041);
#847=LINE('',#2393,#1042);
#848=LINE('',#2395,#1043);
#849=LINE('',#2397,#1044);
#850=LINE('',#2399,#1045);
#851=LINE('',#2401,#1046);
#852=LINE('',#2403,#1047);
#853=LINE('',#2407,#1048);
#854=LINE('',#2410,#1049);
#855=LINE('',#2411,#1050);
#856=LINE('',#2413,#1051);
#857=LINE('',#2415,#1052);
#858=LINE('',#2416,#1053);
#859=LINE('',#2428,#1054);
#860=LINE('',#2430,#1055);
#861=LINE('',#2432,#1056);
#862=LINE('',#2433,#1057);
#863=LINE('',#2435,#1058);
#864=LINE('',#2437,#1059);
#865=LINE('',#2439,#1060);
#866=LINE('',#2441,#1061);
#867=LINE('',#2445,#1062);
#868=LINE('',#2447,#1063);
#869=LINE('',#2451,#1064);
#870=LINE('',#2453,#1065);
#871=LINE('',#2457,#1066);
#872=LINE('',#2459,#1067);
#873=LINE('',#2461,#1068);
#874=LINE('',#2463,#1069);
#875=LINE('',#2467,#1070);
#876=LINE('',#2469,#1071);
#877=LINE('',#2471,#1072);
#878=LINE('',#2473,#1073);
#879=LINE('',#2479,#1074);
#880=LINE('',#2481,#1075);
#881=LINE('',#2502,#1076);
#882=LINE('',#2505,#1077);
#883=LINE('',#2507,#1078);
#884=LINE('',#2509,#1079);
#885=LINE('',#2510,#1080);
#886=LINE('',#2513,#1081);
#887=LINE('',#2515,#1082);
#888=LINE('',#2517,#1083);
#889=LINE('',#2518,#1084);
#890=LINE('',#2521,#1085);
#891=LINE('',#2523,#1086);
#892=LINE('',#2525,#1087);
#893=LINE('',#2526,#1088);
#894=LINE('',#2529,#1089);
#895=LINE('',#2531,#1090);
#896=LINE('',#2533,#1091);
#897=LINE('',#2534,#1092);
#898=LINE('',#2537,#1093);
#899=LINE('',#2539,#1094);
#900=LINE('',#2541,#1095);
#901=LINE('',#2542,#1096);
#902=LINE('',#2545,#1097);
#903=LINE('',#2547,#1098);
#904=LINE('',#2549,#1099);
#905=LINE('',#2550,#1100);
#906=LINE('',#2553,#1101);
#907=LINE('',#2555,#1102);
#908=LINE('',#2557,#1103);
#909=LINE('',#2558,#1104);
#910=LINE('',#2561,#1105);
#911=LINE('',#2563,#1106);
#912=LINE('',#2565,#1107);
#913=LINE('',#2566,#1108);
#914=LINE('',#2569,#1109);
#915=LINE('',#2571,#1110);
#916=LINE('',#2573,#1111);
#917=LINE('',#2575,#1112);
#918=LINE('',#2577,#1113);
#919=LINE('',#2579,#1114);
#920=LINE('',#2581,#1115);
#921=LINE('',#2583,#1116);
#922=LINE('',#2585,#1117);
#923=LINE('',#2587,#1118);
#924=LINE('',#2589,#1119);
#925=LINE('',#2591,#1120);
#926=LINE('',#2593,#1121);
#927=LINE('',#2595,#1122);
#928=LINE('',#2597,#1123);
#929=LINE('',#2599,#1124);
#930=LINE('',#2601,#1125);
#931=LINE('',#2603,#1126);
#932=LINE('',#2606,#1127);
#933=LINE('',#2608,#1128);
#934=LINE('',#2610,#1129);
#935=LINE('',#2611,#1130);
#936=LINE('',#2614,#1131);
#937=LINE('',#2616,#1132);
#938=LINE('',#2618,#1133);
#939=LINE('',#2619,#1134);
#940=LINE('',#2622,#1135);
#941=LINE('',#2624,#1136);
#942=LINE('',#2626,#1137);
#943=LINE('',#2627,#1138);
#944=LINE('',#2630,#1139);
#945=LINE('',#2632,#1140);
#946=LINE('',#2634,#1141);
#947=LINE('',#2635,#1142);
#948=LINE('',#2638,#1143);
#949=LINE('',#2640,#1144);
#950=LINE('',#2642,#1145);
#951=LINE('',#2643,#1146);
#952=LINE('',#2646,#1147);
#953=LINE('',#2648,#1148);
#954=LINE('',#2650,#1149);
#955=LINE('',#2651,#1150);
#956=LINE('',#2654,#1151);
#957=LINE('',#2656,#1152);
#958=LINE('',#2658,#1153);
#959=LINE('',#2659,#1154);
#960=LINE('',#2662,#1155);
#961=LINE('',#2664,#1156);
#962=LINE('',#2666,#1157);
#963=LINE('',#2668,#1158);
#964=LINE('',#2670,#1159);
#965=LINE('',#2672,#1160);
#966=LINE('',#2674,#1161);
#967=LINE('',#2675,#1162);
#968=LINE('',#2678,#1163);
#969=LINE('',#2680,#1164);
#970=LINE('',#2682,#1165);
#971=LINE('',#2684,#1166);
#972=LINE('',#2685,#1167);
#973=LINE('',#2687,#1168);
#974=LINE('',#2689,#1169);
#975=LINE('',#2690,#1170);
#976=LINE('',#2692,#1171);
#977=LINE('',#2696,#1172);
#978=LINE('',#2698,#1173);
#979=LINE('',#2700,#1174);
#980=LINE('',#2702,#1175);
#981=LINE('',#2703,#1176);
#982=LINE('',#2705,#1177);
#983=LINE('',#2709,#1178);
#984=LINE('',#2711,#1179);
#985=LINE('',#2713,#1180);
#986=LINE('',#2717,#1181);
#987=LINE('',#2719,#1182);
#988=LINE('',#2720,#1183);
#989=LINE('',#2723,#1184);
#990=LINE('',#2724,#1185);
#991=LINE('',#2726,#1186);
#992=LINE('',#2728,#1187);
#993=LINE('',#2731,#1188);
#994=LINE('',#2732,#1189);
#995=LINE('',#2734,#1190);
#996=LINE('',#2736,#1191);
#997=LINE('',#2739,#1192);
#998=LINE('',#2740,#1193);
#999=LINE('',#2742,#1194);
#1000=LINE('',#2744,#1195);
#1001=LINE('',#2747,#1196);
#1002=LINE('',#2748,#1197);
#1003=LINE('',#2750,#1198);
#1004=LINE('',#2752,#1199);
#1005=LINE('',#2755,#1200);
#1006=LINE('',#2756,#1201);
#1007=LINE('',#2758,#1202);
#1008=LINE('',#2760,#1203);
#1009=LINE('',#2763,#1204);
#1010=LINE('',#2764,#1205);
#1011=LINE('',#2766,#1206);
#1012=LINE('',#2768,#1207);
#1013=LINE('',#2771,#1208);
#1014=LINE('',#2772,#1209);
#1015=LINE('',#2774,#1210);
#1016=LINE('',#2776,#1211);
#1017=LINE('',#2779,#1212);
#1018=LINE('',#2780,#1213);
#1019=LINE('',#2782,#1214);
#1020=LINE('',#2784,#1215);
#1021=LINE('',#2799,#1216);
#1022=LINE('',#2801,#1217);
#1023=LINE('',#2803,#1218);
#1024=LINE('',#2805,#1219);
#1025=LINE('',#2807,#1220);
#1026=LINE('',#2810,#1221);
#1027=LINE('',#2812,#1222);
#1028=LINE('',#2814,#1223);
#1029=LINE('',#2816,#1224);
#1030=LINE('',#2818,#1225);
#1031=LINE('',#2821,#1226);
#1032=LINE('',#2823,#1227);
#1033=LINE('',#2825,#1228);
#1034=VECTOR('',#1967,1.);
#1035=VECTOR('',#1968,1.);
#1036=VECTOR('',#1969,1.);
#1037=VECTOR('',#1970,1.);
#1038=VECTOR('',#1971,1.);
#1039=VECTOR('',#1972,1.);
#1040=VECTOR('',#1973,1.);
#1041=VECTOR('',#1974,1.);
#1042=VECTOR('',#1975,1.);
#1043=VECTOR('',#1976,1.);
#1044=VECTOR('',#1977,1.);
#1045=VECTOR('',#1978,1.);
#1046=VECTOR('',#1979,1.);
#1047=VECTOR('',#1980,1.);
#1048=VECTOR('',#1985,1.);
#1049=VECTOR('',#1986,1.);
#1050=VECTOR('',#1987,1.);
#1051=VECTOR('',#1988,1.);
#1052=VECTOR('',#1989,1.);
#1053=VECTOR('',#1990,1.);
#1054=VECTOR('',#2005,1.);
#1055=VECTOR('',#2006,1.);
#1056=VECTOR('',#2007,1.);
#1057=VECTOR('',#2008,1.);
#1058=VECTOR('',#2009,1.);
#1059=VECTOR('',#2010,1.);
#1060=VECTOR('',#2013,1.);
#1061=VECTOR('',#2014,1.);
#1062=VECTOR('',#2019,1.);
#1063=VECTOR('',#2020,1.);
#1064=VECTOR('',#2025,1.);
#1065=VECTOR('',#2026,1.);
#1066=VECTOR('',#2031,1.);
#1067=VECTOR('',#2032,1.);
#1068=VECTOR('',#2035,1.);
#1069=VECTOR('',#2036,1.);
#1070=VECTOR('',#2041,1.);
#1071=VECTOR('',#2042,1.);
#1072=VECTOR('',#2045,1.);
#1073=VECTOR('',#2048,1.);
#1074=VECTOR('',#2057,1.);
#1075=VECTOR('',#2060,1.);
#1076=VECTOR('',#2093,1.);
#1077=VECTOR('',#2094,1.);
#1078=VECTOR('',#2095,1.);
#1079=VECTOR('',#2096,1.);
#1080=VECTOR('',#2097,1.);
#1081=VECTOR('',#2098,1.);
#1082=VECTOR('',#2099,1.);
#1083=VECTOR('',#2100,1.);
#1084=VECTOR('',#2101,1.);
#1085=VECTOR('',#2102,1.);
#1086=VECTOR('',#2103,1.);
#1087=VECTOR('',#2104,1.);
#1088=VECTOR('',#2105,1.);
#1089=VECTOR('',#2106,1.);
#1090=VECTOR('',#2107,1.);
#1091=VECTOR('',#2108,1.);
#1092=VECTOR('',#2109,1.);
#1093=VECTOR('',#2110,1.);
#1094=VECTOR('',#2111,1.);
#1095=VECTOR('',#2112,1.);
#1096=VECTOR('',#2113,1.);
#1097=VECTOR('',#2114,1.);
#1098=VECTOR('',#2115,1.);
#1099=VECTOR('',#2116,1.);
#1100=VECTOR('',#2117,1.);
#1101=VECTOR('',#2118,1.);
#1102=VECTOR('',#2119,1.);
#1103=VECTOR('',#2120,1.);
#1104=VECTOR('',#2121,1.);
#1105=VECTOR('',#2122,1.);
#1106=VECTOR('',#2123,1.);
#1107=VECTOR('',#2124,1.);
#1108=VECTOR('',#2125,1.);
#1109=VECTOR('',#2126,1.);
#1110=VECTOR('',#2127,1.);
#1111=VECTOR('',#2128,1.);
#1112=VECTOR('',#2129,1.);
#1113=VECTOR('',#2130,1.);
#1114=VECTOR('',#2131,1.);
#1115=VECTOR('',#2132,1.);
#1116=VECTOR('',#2133,1.);
#1117=VECTOR('',#2134,1.);
#1118=VECTOR('',#2135,1.);
#1119=VECTOR('',#2136,1.);
#1120=VECTOR('',#2137,1.);
#1121=VECTOR('',#2138,1.);
#1122=VECTOR('',#2139,1.);
#1123=VECTOR('',#2140,1.);
#1124=VECTOR('',#2141,1.);
#1125=VECTOR('',#2142,1.);
#1126=VECTOR('',#2145,1.);
#1127=VECTOR('',#2146,1.);
#1128=VECTOR('',#2147,1.);
#1129=VECTOR('',#2148,1.);
#1130=VECTOR('',#2149,1.);
#1131=VECTOR('',#2150,1.);
#1132=VECTOR('',#2151,1.);
#1133=VECTOR('',#2152,1.);
#1134=VECTOR('',#2153,1.);
#1135=VECTOR('',#2154,1.);
#1136=VECTOR('',#2155,1.);
#1137=VECTOR('',#2156,1.);
#1138=VECTOR('',#2157,1.);
#1139=VECTOR('',#2158,1.);
#1140=VECTOR('',#2159,1.);
#1141=VECTOR('',#2160,1.);
#1142=VECTOR('',#2161,1.);
#1143=VECTOR('',#2162,1.);
#1144=VECTOR('',#2163,1.);
#1145=VECTOR('',#2164,1.);
#1146=VECTOR('',#2165,1.);
#1147=VECTOR('',#2166,1.);
#1148=VECTOR('',#2167,1.);
#1149=VECTOR('',#2168,1.);
#1150=VECTOR('',#2169,1.);
#1151=VECTOR('',#2170,1.);
#1152=VECTOR('',#2171,1.);
#1153=VECTOR('',#2172,1.);
#1154=VECTOR('',#2173,1.);
#1155=VECTOR('',#2174,1.);
#1156=VECTOR('',#2175,1.);
#1157=VECTOR('',#2176,1.);
#1158=VECTOR('',#2177,1.);
#1159=VECTOR('',#2178,1.);
#1160=VECTOR('',#2179,1.);
#1161=VECTOR('',#2180,1.);
#1162=VECTOR('',#2181,1.);
#1163=VECTOR('',#2182,1.);
#1164=VECTOR('',#2183,1.);
#1165=VECTOR('',#2184,1.);
#1166=VECTOR('',#2187,1.);
#1167=VECTOR('',#2188,1.);
#1168=VECTOR('',#2191,1.);
#1169=VECTOR('',#2192,1.);
#1170=VECTOR('',#2193,1.);
#1171=VECTOR('',#2194,1.);
#1172=VECTOR('',#2199,1.);
#1173=VECTOR('',#2202,1.);
#1174=VECTOR('',#2205,1.);
#1175=VECTOR('',#2206,1.);
#1176=VECTOR('',#2207,1.);
#1177=VECTOR('',#2208,1.);
#1178=VECTOR('',#2213,1.);
#1179=VECTOR('',#2214,1.);
#1180=VECTOR('',#2215,1.);
#1181=VECTOR('',#2220,1.);
#1182=VECTOR('',#2221,1.);
#1183=VECTOR('',#2222,1.);
#1184=VECTOR('',#2227,1.);
#1185=VECTOR('',#2228,1.);
#1186=VECTOR('',#2231,1.);
#1187=VECTOR('',#2234,1.);
#1188=VECTOR('',#2239,1.);
#1189=VECTOR('',#2240,1.);
#1190=VECTOR('',#2243,1.);
#1191=VECTOR('',#2246,1.);
#1192=VECTOR('',#2251,1.);
#1193=VECTOR('',#2252,1.);
#1194=VECTOR('',#2255,1.);
#1195=VECTOR('',#2258,1.);
#1196=VECTOR('',#2263,1.);
#1197=VECTOR('',#2264,1.);
#1198=VECTOR('',#2267,1.);
#1199=VECTOR('',#2270,1.);
#1200=VECTOR('',#2275,1.);
#1201=VECTOR('',#2276,1.);
#1202=VECTOR('',#2279,1.);
#1203=VECTOR('',#2282,1.);
#1204=VECTOR('',#2287,1.);
#1205=VECTOR('',#2288,1.);
#1206=VECTOR('',#2291,1.);
#1207=VECTOR('',#2294,1.);
#1208=VECTOR('',#2299,1.);
#1209=VECTOR('',#2300,1.);
#1210=VECTOR('',#2303,1.);
#1211=VECTOR('',#2306,1.);
#1212=VECTOR('',#2311,1.);
#1213=VECTOR('',#2312,1.);
#1214=VECTOR('',#2315,1.);
#1215=VECTOR('',#2318,1.);
#1216=VECTOR('',#2341,1.);
#1217=VECTOR('',#2342,1.);
#1218=VECTOR('',#2345,1.);
#1219=VECTOR('',#2346,1.);
#1220=VECTOR('',#2349,1.);
#1221=VECTOR('',#2354,1.);
#1222=VECTOR('',#2355,1.);
#1223=VECTOR('',#2358,1.);
#1224=VECTOR('',#2359,1.);
#1225=VECTOR('',#2362,1.);
#1226=VECTOR('',#2367,1.);
#1227=VECTOR('',#2368,1.);
#1228=VECTOR('',#2371,1.);
#1229=EDGE_LOOP('',(#44,#45,#46,#47,#48,#49,#50,#51,#52,#53,#54,#55,#56,
#57));
#1230=EDGE_LOOP('',(#58));
#1231=EDGE_LOOP('',(#59,#60,#61,#62,#63,#64,#65,#66));
#1232=EDGE_LOOP('',(#67));
#1233=EDGE_LOOP('',(#68));
#1234=EDGE_LOOP('',(#69));
#1235=EDGE_LOOP('',(#70));
#1236=EDGE_LOOP('',(#71));
#1237=EDGE_LOOP('',(#72,#73,#74,#75,#76,#77,#78,#79));
#1238=EDGE_LOOP('',(#80,#81,#82,#83));
#1239=EDGE_LOOP('',(#84));
#1240=EDGE_LOOP('',(#85,#86,#87,#88));
#1241=EDGE_LOOP('',(#89));
#1242=EDGE_LOOP('',(#90,#91,#92,#93));
#1243=EDGE_LOOP('',(#94));
#1244=EDGE_LOOP('',(#95,#96,#97,#98));
#1245=EDGE_LOOP('',(#99,#100,#101,#102));
#1246=EDGE_LOOP('',(#103));
#1247=EDGE_LOOP('',(#104,#105,#106,#107));
#1248=EDGE_LOOP('',(#108,#109,#110,#111));
#1249=EDGE_LOOP('',(#112,#113,#114,#115));
#1250=EDGE_LOOP('',(#116,#117,#118,#119,#120));
#1251=EDGE_LOOP('',(#121));
#1252=EDGE_LOOP('',(#122));
#1253=EDGE_LOOP('',(#123,#124,#125,#126,#127));
#1254=EDGE_LOOP('',(#128,#129,#130,#131));
#1255=EDGE_LOOP('',(#132,#133,#134,#135));
#1256=EDGE_LOOP('',(#136,#137,#138,#139));
#1257=EDGE_LOOP('',(#140));
#1258=EDGE_LOOP('',(#141));
#1259=EDGE_LOOP('',(#142));
#1260=EDGE_LOOP('',(#143));
#1261=EDGE_LOOP('',(#144));
#1262=EDGE_LOOP('',(#145));
#1263=EDGE_LOOP('',(#146));
#1264=EDGE_LOOP('',(#147));
#1265=EDGE_LOOP('',(#148));
#1266=EDGE_LOOP('',(#149));
#1267=EDGE_LOOP('',(#150));
#1268=EDGE_LOOP('',(#151));
#1269=EDGE_LOOP('',(#152));
#1270=EDGE_LOOP('',(#153));
#1271=EDGE_LOOP('',(#154));
#1272=EDGE_LOOP('',(#155));
#1273=EDGE_LOOP('',(#156,#157,#158,#159));
#1274=EDGE_LOOP('',(#160,#161,#162,#163));
#1275=EDGE_LOOP('',(#164,#165,#166,#167));
#1276=EDGE_LOOP('',(#168,#169,#170,#171));
#1277=EDGE_LOOP('',(#172,#173,#174,#175));
#1278=EDGE_LOOP('',(#176,#177,#178,#179));
#1279=EDGE_LOOP('',(#180,#181,#182,#183));
#1280=EDGE_LOOP('',(#184,#185,#186,#187));
#1281=EDGE_LOOP('',(#188,#189,#190,#191,#192,#193,#194,#195,#196,#197,#198,
#199,#200,#201,#202,#203,#204,#205));
#1282=EDGE_LOOP('',(#206,#207,#208,#209));
#1283=EDGE_LOOP('',(#210,#211,#212,#213));
#1284=EDGE_LOOP('',(#214,#215,#216,#217));
#1285=EDGE_LOOP('',(#218,#219,#220,#221));
#1286=EDGE_LOOP('',(#222,#223,#224,#225));
#1287=EDGE_LOOP('',(#226,#227,#228,#229));
#1288=EDGE_LOOP('',(#230,#231,#232,#233));
#1289=EDGE_LOOP('',(#234,#235,#236,#237,#238,#239,#240,#241));
#1290=EDGE_LOOP('',(#242,#243,#244,#245));
#1291=EDGE_LOOP('',(#246,#247,#248,#249));
#1292=EDGE_LOOP('',(#250,#251,#252,#253,#254,#255,#256,#257));
#1293=EDGE_LOOP('',(#258));
#1294=EDGE_LOOP('',(#259,#260,#261,#262));
#1295=EDGE_LOOP('',(#263,#264,#265,#266));
#1296=EDGE_LOOP('',(#267,#268,#269,#270,#271,#272,#273,#274));
#1297=EDGE_LOOP('',(#275));
#1298=EDGE_LOOP('',(#276,#277,#278,#279,#280,#281));
#1299=EDGE_LOOP('',(#282));
#1300=EDGE_LOOP('',(#283,#284,#285,#286,#287,#288));
#1301=EDGE_LOOP('',(#289,#290,#291,#292));
#1302=EDGE_LOOP('',(#293,#294,#295,#296));
#1303=EDGE_LOOP('',(#297,#298,#299,#300));
#1304=EDGE_LOOP('',(#301,#302,#303,#304));
#1305=EDGE_LOOP('',(#305,#306,#307,#308));
#1306=EDGE_LOOP('',(#309,#310,#311,#312));
#1307=EDGE_LOOP('',(#313,#314,#315,#316));
#1308=EDGE_LOOP('',(#317,#318,#319,#320));
#1309=EDGE_LOOP('',(#321,#322,#323,#324));
#1310=EDGE_LOOP('',(#325,#326,#327,#328));
#1311=EDGE_LOOP('',(#329,#330,#331,#332));
#1312=EDGE_LOOP('',(#333,#334,#335,#336));
#1313=EDGE_LOOP('',(#337,#338,#339,#340));
#1314=EDGE_LOOP('',(#341,#342,#343,#344));
#1315=EDGE_LOOP('',(#345,#346,#347,#348));
#1316=EDGE_LOOP('',(#349,#350,#351,#352));
#1317=EDGE_LOOP('',(#353,#354,#355,#356));
#1318=EDGE_LOOP('',(#357,#358,#359,#360));
#1319=EDGE_LOOP('',(#361,#362,#363,#364));
#1320=EDGE_LOOP('',(#365,#366,#367,#368));
#1321=EDGE_LOOP('',(#369,#370,#371,#372));
#1322=EDGE_LOOP('',(#373,#374,#375,#376));
#1323=EDGE_LOOP('',(#377,#378,#379,#380));
#1324=EDGE_LOOP('',(#381,#382,#383,#384));
#1325=EDGE_LOOP('',(#385,#386,#387,#388));
#1326=EDGE_LOOP('',(#389,#390,#391,#392));
#1327=EDGE_LOOP('',(#393,#394,#395,#396));
#1328=EDGE_LOOP('',(#397,#398,#399,#400));
#1329=EDGE_LOOP('',(#401,#402,#403,#404));
#1330=EDGE_LOOP('',(#405,#406,#407,#408));
#1331=EDGE_LOOP('',(#409,#410,#411,#412));
#1332=EDGE_LOOP('',(#413,#414,#415,#416));
#1333=EDGE_LOOP('',(#417,#418,#419,#420));
#1334=EDGE_LOOP('',(#421));
#1335=EDGE_LOOP('',(#422));
#1336=EDGE_LOOP('',(#423));
#1337=EDGE_LOOP('',(#424));
#1338=EDGE_LOOP('',(#425));
#1339=EDGE_LOOP('',(#426));
#1340=EDGE_LOOP('',(#427));
#1341=EDGE_LOOP('',(#428));
#1342=EDGE_LOOP('',(#429));
#1343=EDGE_LOOP('',(#430,#431,#432,#433));
#1344=EDGE_LOOP('',(#434,#435,#436,#437));
#1345=EDGE_LOOP('',(#438,#439,#440,#441));
#1346=EDGE_LOOP('',(#442,#443,#444,#445));
#1347=EDGE_LOOP('',(#446,#447,#448,#449));
#1348=EDGE_LOOP('',(#450,#451,#452,#453));
#1349=EDGE_LOOP('',(#454,#455,#456,#457));
#1350=EDGE_LOOP('',(#458,#459,#460,#461));
#1351=EDGE_LOOP('',(#462,#463,#464,#465));
#1352=EDGE_LOOP('',(#466,#467,#468,#469));
#1353=EDGE_LOOP('',(#470,#471,#472,#473));
#1354=FACE_BOUND('',#1229,.T.);
#1355=FACE_BOUND('',#1230,.T.);
#1356=FACE_BOUND('',#1231,.T.);
#1357=FACE_BOUND('',#1232,.T.);
#1358=FACE_BOUND('',#1233,.T.);
#1359=FACE_BOUND('',#1234,.T.);
#1360=FACE_BOUND('',#1235,.T.);
#1361=FACE_BOUND('',#1236,.T.);
#1362=FACE_BOUND('',#1237,.T.);
#1363=FACE_BOUND('',#1238,.T.);
#1364=FACE_BOUND('',#1239,.T.);
#1365=FACE_BOUND('',#1240,.T.);
#1366=FACE_BOUND('',#1241,.T.);
#1367=FACE_BOUND('',#1242,.T.);
#1368=FACE_BOUND('',#1243,.T.);
#1369=FACE_BOUND('',#1244,.T.);
#1370=FACE_BOUND('',#1245,.T.);
#1371=FACE_BOUND('',#1246,.T.);
#1372=FACE_BOUND('',#1247,.T.);
#1373=FACE_BOUND('',#1248,.T.);
#1374=FACE_BOUND('',#1249,.T.);
#1375=FACE_BOUND('',#1250,.T.);
#1376=FACE_BOUND('',#1251,.T.);
#1377=FACE_BOUND('',#1252,.T.);
#1378=FACE_BOUND('',#1253,.T.);
#1379=FACE_BOUND('',#1254,.T.);
#1380=FACE_BOUND('',#1255,.T.);
#1381=FACE_BOUND('',#1256,.T.);
#1382=FACE_BOUND('',#1257,.T.);
#1383=FACE_BOUND('',#1258,.T.);
#1384=FACE_BOUND('',#1259,.T.);
#1385=FACE_BOUND('',#1260,.T.);
#1386=FACE_BOUND('',#1261,.T.);
#1387=FACE_BOUND('',#1262,.T.);
#1388=FACE_BOUND('',#1263,.T.);
#1389=FACE_BOUND('',#1264,.T.);
#1390=FACE_BOUND('',#1265,.T.);
#1391=FACE_BOUND('',#1266,.T.);
#1392=FACE_BOUND('',#1267,.T.);
#1393=FACE_BOUND('',#1268,.T.);
#1394=FACE_BOUND('',#1269,.T.);
#1395=FACE_BOUND('',#1270,.T.);
#1396=FACE_BOUND('',#1271,.T.);
#1397=FACE_BOUND('',#1272,.T.);
#1398=FACE_BOUND('',#1273,.T.);
#1399=FACE_BOUND('',#1274,.T.);
#1400=FACE_BOUND('',#1275,.T.);
#1401=FACE_BOUND('',#1276,.T.);
#1402=FACE_BOUND('',#1277,.T.);
#1403=FACE_BOUND('',#1278,.T.);
#1404=FACE_BOUND('',#1279,.T.);
#1405=FACE_BOUND('',#1280,.T.);
#1406=FACE_BOUND('',#1281,.T.);
#1407=FACE_BOUND('',#1282,.T.);
#1408=FACE_BOUND('',#1283,.T.);
#1409=FACE_BOUND('',#1284,.T.);
#1410=FACE_BOUND('',#1285,.T.);
#1411=FACE_BOUND('',#1286,.T.);
#1412=FACE_BOUND('',#1287,.T.);
#1413=FACE_BOUND('',#1288,.T.);
#1414=FACE_BOUND('',#1289,.T.);
#1415=FACE_BOUND('',#1290,.T.);
#1416=FACE_BOUND('',#1291,.T.);
#1417=FACE_BOUND('',#1292,.T.);
#1418=FACE_BOUND('',#1293,.T.);
#1419=FACE_BOUND('',#1294,.T.);
#1420=FACE_BOUND('',#1295,.T.);
#1421=FACE_BOUND('',#1296,.T.);
#1422=FACE_BOUND('',#1297,.T.);
#1423=FACE_BOUND('',#1298,.T.);
#1424=FACE_BOUND('',#1299,.T.);
#1425=FACE_BOUND('',#1300,.T.);
#1426=FACE_BOUND('',#1301,.T.);
#1427=FACE_BOUND('',#1302,.T.);
#1428=FACE_BOUND('',#1303,.T.);
#1429=FACE_BOUND('',#1304,.T.);
#1430=FACE_BOUND('',#1305,.T.);
#1431=FACE_BOUND('',#1306,.T.);
#1432=FACE_BOUND('',#1307,.T.);
#1433=FACE_BOUND('',#1308,.T.);
#1434=FACE_BOUND('',#1309,.T.);
#1435=FACE_BOUND('',#1310,.T.);
#1436=FACE_BOUND('',#1311,.T.);
#1437=FACE_BOUND('',#1312,.T.);
#1438=FACE_BOUND('',#1313,.T.);
#1439=FACE_BOUND('',#1314,.T.);
#1440=FACE_BOUND('',#1315,.T.);
#1441=FACE_BOUND('',#1316,.T.);
#1442=FACE_BOUND('',#1317,.T.);
#1443=FACE_BOUND('',#1318,.T.);
#1444=FACE_BOUND('',#1319,.T.);
#1445=FACE_BOUND('',#1320,.T.);
#1446=FACE_BOUND('',#1321,.T.);
#1447=FACE_BOUND('',#1322,.T.);
#1448=FACE_BOUND('',#1323,.T.);
#1449=FACE_BOUND('',#1324,.T.);
#1450=FACE_BOUND('',#1325,.T.);
#1451=FACE_BOUND('',#1326,.T.);
#1452=FACE_BOUND('',#1327,.T.);
#1453=FACE_BOUND('',#1328,.T.);
#1454=FACE_BOUND('',#1329,.T.);
#1455=FACE_BOUND('',#1330,.T.);
#1456=FACE_BOUND('',#1331,.T.);
#1457=FACE_BOUND('',#1332,.T.);
#1458=FACE_BOUND('',#1333,.T.);
#1459=FACE_BOUND('',#1334,.T.);
#1460=FACE_BOUND('',#1335,.T.);
#1461=FACE_BOUND('',#1336,.T.);
#1462=FACE_BOUND('',#1337,.T.);
#1463=FACE_BOUND('',#1338,.T.);
#1464=FACE_BOUND('',#1339,.T.);
#1465=FACE_BOUND('',#1340,.T.);
#1466=FACE_BOUND('',#1341,.T.);
#1467=FACE_BOUND('',#1342,.T.);
#1468=FACE_BOUND('',#1343,.T.);
#1469=FACE_BOUND('',#1344,.T.);
#1470=FACE_BOUND('',#1345,.T.);
#1471=FACE_BOUND('',#1346,.T.);
#1472=FACE_BOUND('',#1347,.T.);
#1473=FACE_BOUND('',#1348,.T.);
#1474=FACE_BOUND('',#1349,.T.);
#1475=FACE_BOUND('',#1350,.T.);
#1476=FACE_BOUND('',#1351,.T.);
#1477=FACE_BOUND('',#1352,.T.);
#1478=FACE_BOUND('',#1353,.T.);
#1479=PLANE('',#1856);
#1480=PLANE('',#1857);
#1481=PLANE('',#1862);
#1482=PLANE('',#1864);
#1483=PLANE('',#1866);
#1484=PLANE('',#1867);
#1485=PLANE('',#1869);
#1486=PLANE('',#1871);
#1487=PLANE('',#1873);
#1488=PLANE('',#1874);
#1489=PLANE('',#1876);
#1490=PLANE('',#1877);
#1491=PLANE('',#1878);
#1492=PLANE('',#1879);
#1493=PLANE('',#1881);
#1494=PLANE('',#1882);
#1495=PLANE('',#1883);
#1496=PLANE('',#1889);
#1497=PLANE('',#1893);
#1498=PLANE('',#1896);
#1499=PLANE('',#1898);
#1500=PLANE('',#1899);
#1501=PLANE('',#1900);
#1502=PLANE('',#1901);
#1503=PLANE('',#1903);
#1504=PLANE('',#1904);
#1505=PLANE('',#1905);
#1506=PLANE('',#1907);
#1507=PLANE('',#1908);
#1508=PLANE('',#1910);
#1509=PLANE('',#1911);
#1510=PLANE('',#1912);
#1511=PLANE('',#1913);
#1512=PLANE('',#1914);
#1513=PLANE('',#1915);
#1514=PLANE('',#1916);
#1515=PLANE('',#1917);
#1516=PLANE('',#1918);
#1517=PLANE('',#1919);
#1518=PLANE('',#1920);
#1519=PLANE('',#1921);
#1520=PLANE('',#1922);
#1521=PLANE('',#1923);
#1522=PLANE('',#1924);
#1523=PLANE('',#1925);
#1524=PLANE('',#1926);
#1525=PLANE('',#1927);
#1526=PLANE('',#1928);
#1527=PLANE('',#1929);
#1528=PLANE('',#1930);
#1529=PLANE('',#1931);
#1530=PLANE('',#1932);
#1531=PLANE('',#1933);
#1532=PLANE('',#1934);
#1533=PLANE('',#1935);
#1534=PLANE('',#1936);
#1535=PLANE('',#1937);
#1536=PLANE('',#1938);
#1537=PLANE('',#1939);
#1538=PLANE('',#1940);
#1539=PLANE('',#1941);
#1540=PLANE('',#1942);
#1541=PLANE('',#1943);
#1542=PLANE('',#1946);
#1543=PLANE('',#1949);
#1544=PLANE('',#1952);
#1545=PLANE('',#1953);
#1546=PLANE('',#1954);
#1547=PLANE('',#1955);
#1548=PLANE('',#1956);
#1549=PLANE('',#1957);
#1550=PLANE('',#1958);
#1551=PLANE('',#1959);
#1552=PLANE('',#1960);
#1553=PLANE('',#1961);
#1554=PLANE('',#1962);
#1555=OVER_RIDING_STYLED_ITEM('',(#1673),#1582,#1670);
#1556=OVER_RIDING_STYLED_ITEM('',(#1674),#1583,#1670);
#1557=OVER_RIDING_STYLED_ITEM('',(#1675),#1584,#1670);
#1558=OVER_RIDING_STYLED_ITEM('',(#1676),#1585,#1670);
#1559=OVER_RIDING_STYLED_ITEM('',(#1677),#1586,#1670);
#1560=OVER_RIDING_STYLED_ITEM('',(#1678),#1587,#1670);
#1561=OVER_RIDING_STYLED_ITEM('',(#1679),#1588,#1670);
#1562=OVER_RIDING_STYLED_ITEM('',(#1680),#1589,#1670);
#1563=OVER_RIDING_STYLED_ITEM('',(#1681),#1590,#1670);
#1564=OVER_RIDING_STYLED_ITEM('',(#1682),#1591,#1670);
#1565=OVER_RIDING_STYLED_ITEM('',(#1683),#1592,#1670);
#1566=OVER_RIDING_STYLED_ITEM('',(#1684),#1593,#1670);
#1567=OVER_RIDING_STYLED_ITEM('',(#1685),#1594,#1670);
#1568=OVER_RIDING_STYLED_ITEM('',(#1686),#1595,#1670);
#1569=OVER_RIDING_STYLED_ITEM('',(#1687),#1596,#1670);
#1570=OVER_RIDING_STYLED_ITEM('',(#1688),#1597,#1670);
#1571=OVER_RIDING_STYLED_ITEM('',(#1689),#1598,#1670);
#1572=OVER_RIDING_STYLED_ITEM('',(#1690),#1599,#1670);
#1573=OVER_RIDING_STYLED_ITEM('',(#1691),#1600,#1670);
#1574=OVER_RIDING_STYLED_ITEM('',(#1692),#1601,#1670);
#1575=OVER_RIDING_STYLED_ITEM('',(#1693),#1602,#1670);
#1576=OVER_RIDING_STYLED_ITEM('',(#1694),#1603,#1670);
#1577=OVER_RIDING_STYLED_ITEM('',(#1695),#1604,#1670);
#1578=OVER_RIDING_STYLED_ITEM('',(#1696),#1605,#1670);
#1579=OVER_RIDING_STYLED_ITEM('',(#1697),#1606,#1670);
#1580=OVER_RIDING_STYLED_ITEM('',(#1698),#1607,#1670);
#1581=OVER_RIDING_STYLED_ITEM('',(#1699),#1608,#1670);
#1582=ADVANCED_FACE('Face appearance 18',(#1354),#1479,.T.);
#1583=ADVANCED_FACE('Face appearance 18',(#1355,#1356),#1480,.T.);
#1584=ADVANCED_FACE('Face appearance 18',(#1357,#1358),#14,.T.);
#1585=ADVANCED_FACE('Face appearance 18',(#1359,#1360),#1481,.T.);
#1586=ADVANCED_FACE('Face appearance 18',(#1361,#1362),#1482,.T.);
#1587=ADVANCED_FACE('Face appearance 18',(#1363),#1483,.T.);
#1588=ADVANCED_FACE('Face appearance 18',(#1364,#1365),#1484,.T.);
#1589=ADVANCED_FACE('Face appearance 18',(#1366,#1367),#1485,.T.);
#1590=ADVANCED_FACE('Face appearance 18',(#1368,#1369),#1486,.F.);
#1591=ADVANCED_FACE('Face appearance 18',(#1370),#1487,.F.);
#1592=ADVANCED_FACE('Face appearance 18',(#1371,#1372),#1488,.T.);
#1593=ADVANCED_FACE('Face appearance 18',(#1373),#1489,.T.);
#1594=ADVANCED_FACE('Face appearance 18',(#1374),#1490,.T.);
#1595=ADVANCED_FACE('Face appearance 18',(#1375),#1491,.F.);
#1596=ADVANCED_FACE('Face appearance 18',(#1376,#1377,#1378),#1492,.T.);
#1597=ADVANCED_FACE('Face appearance 18',(#1379),#1493,.T.);
#1598=ADVANCED_FACE('Face appearance 18',(#1380),#1494,.T.);
#1599=ADVANCED_FACE('Face appearance 18',(#1381),#1495,.T.);
#1600=ADVANCED_FACE('Face appearance 18',(#1382,#1383),#15,.F.);
#1601=ADVANCED_FACE('Face appearance 18',(#1384,#1385),#16,.F.);
#1602=ADVANCED_FACE('Face appearance 18',(#1386,#1387),#17,.F.);
#1603=ADVANCED_FACE('Face appearance 18',(#1388,#1389),#18,.T.);
#1604=ADVANCED_FACE('Face appearance 18',(#1390,#1391),#1496,.T.);
#1605=ADVANCED_FACE('Face appearance 18',(#1392,#1393),#19,.F.);
#1606=ADVANCED_FACE('Face appearance 18',(#1394),#1497,.T.);
#1607=ADVANCED_FACE('Face appearance 18',(#1395,#1396),#20,.F.);
#1608=ADVANCED_FACE('Face appearance 18',(#1397),#1498,.T.);
#1609=ADVANCED_FACE('Face appearance 17',(#1398,#1399,#1400,#1401,#1402,
#1403,#1404,#1405,#1406),#1499,.F.);
#1610=ADVANCED_FACE('Face appearance 17',(#1407,#1408,#1409,#1410,#1411,
#1412,#1413,#1414,#1415),#1500,.T.);
#1611=ADVANCED_FACE('Face appearance 17',(#1416),#1501,.F.);
#1612=ADVANCED_FACE('Face appearance 17',(#1417,#1418),#1502,.T.);
#1613=ADVANCED_FACE('Face appearance 17',(#1419),#1503,.T.);
#1614=ADVANCED_FACE('Face appearance 17',(#1420),#1504,.T.);
#1615=ADVANCED_FACE('Face appearance 17',(#1421,#1422),#1505,.T.);
#1616=ADVANCED_FACE('Face appearance 17',(#1423),#1506,.T.);
#1617=ADVANCED_FACE('Face appearance 17',(#1424,#1425),#1507,.T.);
#1618=ADVANCED_FACE('Face appearance 17',(#1426),#1508,.F.);
#1619=ADVANCED_FACE('Face appearance 17',(#1427),#1509,.T.);
#1620=ADVANCED_FACE('Face appearance 17',(#1428),#1510,.F.);
#1621=ADVANCED_FACE('Face appearance 17',(#1429),#1511,.F.);
#1622=ADVANCED_FACE('Face appearance 17',(#1430),#1512,.T.);
#1623=ADVANCED_FACE('Face appearance 17',(#1431),#1513,.T.);
#1624=ADVANCED_FACE('Face appearance 17',(#1432),#1514,.F.);
#1625=ADVANCED_FACE('Face appearance 17',(#1433),#1515,.F.);
#1626=ADVANCED_FACE('Face appearance 17',(#1434),#1516,.T.);
#1627=ADVANCED_FACE('Face appearance 17',(#1435),#1517,.T.);
#1628=ADVANCED_FACE('Face appearance 17',(#1436),#1518,.F.);
#1629=ADVANCED_FACE('Face appearance 17',(#1437),#1519,.F.);
#1630=ADVANCED_FACE('Face appearance 17',(#1438),#1520,.T.);
#1631=ADVANCED_FACE('Face appearance 17',(#1439),#1521,.T.);
#1632=ADVANCED_FACE('Face appearance 17',(#1440),#1522,.F.);
#1633=ADVANCED_FACE('Face appearance 17',(#1441),#1523,.F.);
#1634=ADVANCED_FACE('Face appearance 17',(#1442),#1524,.T.);
#1635=ADVANCED_FACE('Face appearance 17',(#1443),#1525,.T.);
#1636=ADVANCED_FACE('Face appearance 17',(#1444),#1526,.F.);
#1637=ADVANCED_FACE('Face appearance 17',(#1445),#1527,.F.);
#1638=ADVANCED_FACE('Face appearance 17',(#1446),#1528,.T.);
#1639=ADVANCED_FACE('Face appearance 17',(#1447),#1529,.T.);
#1640=ADVANCED_FACE('Face appearance 17',(#1448),#1530,.F.);
#1641=ADVANCED_FACE('Face appearance 17',(#1449),#1531,.F.);
#1642=ADVANCED_FACE('Face appearance 17',(#1450),#1532,.T.);
#1643=ADVANCED_FACE('Face appearance 17',(#1451),#1533,.T.);
#1644=ADVANCED_FACE('Face appearance 17',(#1452),#1534,.F.);
#1645=ADVANCED_FACE('Face appearance 17',(#1453),#1535,.F.);
#1646=ADVANCED_FACE('Face appearance 17',(#1454),#1536,.T.);
#1647=ADVANCED_FACE('Face appearance 17',(#1455),#1537,.F.);
#1648=ADVANCED_FACE('Face appearance 17',(#1456),#1538,.F.);
#1649=ADVANCED_FACE('Face appearance 17',(#1457),#1539,.F.);
#1650=ADVANCED_FACE('Face appearance 17',(#1458),#1540,.T.);
#1651=ADVANCED_FACE('Face appearance 17',(#1459),#1541,.T.);
#1652=ADVANCED_FACE('Face appearance 17',(#1460,#1461),#21,.F.);
#1653=ADVANCED_FACE('Face appearance 17',(#1462),#1542,.T.);
#1654=ADVANCED_FACE('Face appearance 17',(#1463,#1464),#22,.F.);
#1655=ADVANCED_FACE('Face appearance 17',(#1465),#1543,.T.);
#1656=ADVANCED_FACE('Face appearance 17',(#1466,#1467),#23,.F.);
#1657=ADVANCED_FACE('Face appearance 17',(#1468),#1544,.T.);
#1658=ADVANCED_FACE('Face appearance 17',(#1469),#1545,.T.);
#1659=ADVANCED_FACE('Face appearance 17',(#1470),#1546,.T.);
#1660=ADVANCED_FACE('Face appearance 17',(#1471),#1547,.T.);
#1661=ADVANCED_FACE('Face appearance 17',(#1472),#1548,.F.);
#1662=ADVANCED_FACE('Face appearance 17',(#1473),#1549,.F.);
#1663=ADVANCED_FACE('Face appearance 17',(#1474),#1550,.F.);
#1664=ADVANCED_FACE('Face appearance 17',(#1475),#1551,.T.);
#1665=ADVANCED_FACE('Face appearance 17',(#1476),#1552,.F.);
#1666=ADVANCED_FACE('Face appearance 17',(#1477),#1553,.F.);
#1667=ADVANCED_FACE('Face appearance 17',(#1478),#1554,.T.);
#1668=CLOSED_SHELL('',(#1582,#1583,#1584,#1585,#1586,#1587,#1588,#1589,
#1590,#1591,#1592,#1593,#1594,#1595,#1596,#1597,#1598,#1599,#1600,#1601,
#1602,#1603,#1604,#1605,#1606,#1607,#1608));
#1669=CLOSED_SHELL('',(#1609,#1610,#1611,#1612,#1613,#1614,#1615,#1616,
#1617,#1618,#1619,#1620,#1621,#1622,#1623,#1624,#1625,#1626,#1627,#1628,
#1629,#1630,#1631,#1632,#1633,#1634,#1635,#1636,#1637,#1638,#1639,#1640,
#1641,#1642,#1643,#1644,#1645,#1646,#1647,#1648,#1649,#1650,#1651,#1652,
#1653,#1654,#1655,#1656,#1657,#1658,#1659,#1660,#1661,#1662,#1663,#1664,
#1665,#1666,#1667));
#1670=STYLED_ITEM('',(#1672),#1849);
#1671=STYLED_ITEM('',(#1700),#1850);
#1672=PRESENTATION_STYLE_ASSIGNMENT((#1701));
#1673=PRESENTATION_STYLE_ASSIGNMENT((#1702));
#1674=PRESENTATION_STYLE_ASSIGNMENT((#1703));
#1675=PRESENTATION_STYLE_ASSIGNMENT((#1704));
#1676=PRESENTATION_STYLE_ASSIGNMENT((#1705));
#1677=PRESENTATION_STYLE_ASSIGNMENT((#1706));
#1678=PRESENTATION_STYLE_ASSIGNMENT((#1707));
#1679=PRESENTATION_STYLE_ASSIGNMENT((#1708));
#1680=PRESENTATION_STYLE_ASSIGNMENT((#1709));
#1681=PRESENTATION_STYLE_ASSIGNMENT((#1710));
#1682=PRESENTATION_STYLE_ASSIGNMENT((#1711));
#1683=PRESENTATION_STYLE_ASSIGNMENT((#1712));
#1684=PRESENTATION_STYLE_ASSIGNMENT((#1713));
#1685=PRESENTATION_STYLE_ASSIGNMENT((#1714));
#1686=PRESENTATION_STYLE_ASSIGNMENT((#1715));
#1687=PRESENTATION_STYLE_ASSIGNMENT((#1716));
#1688=PRESENTATION_STYLE_ASSIGNMENT((#1717));
#1689=PRESENTATION_STYLE_ASSIGNMENT((#1718));
#1690=PRESENTATION_STYLE_ASSIGNMENT((#1719));
#1691=PRESENTATION_STYLE_ASSIGNMENT((#1720));
#1692=PRESENTATION_STYLE_ASSIGNMENT((#1721));
#1693=PRESENTATION_STYLE_ASSIGNMENT((#1722));
#1694=PRESENTATION_STYLE_ASSIGNMENT((#1723));
#1695=PRESENTATION_STYLE_ASSIGNMENT((#1724));
#1696=PRESENTATION_STYLE_ASSIGNMENT((#1725));
#1697=PRESENTATION_STYLE_ASSIGNMENT((#1726));
#1698=PRESENTATION_STYLE_ASSIGNMENT((#1727));
#1699=PRESENTATION_STYLE_ASSIGNMENT((#1728));
#1700=PRESENTATION_STYLE_ASSIGNMENT((#1729));
#1701=SURFACE_STYLE_USAGE(.BOTH.,#1730);
#1702=SURFACE_STYLE_USAGE(.BOTH.,#1731);
#1703=SURFACE_STYLE_USAGE(.BOTH.,#1732);
#1704=SURFACE_STYLE_USAGE(.BOTH.,#1733);
#1705=SURFACE_STYLE_USAGE(.BOTH.,#1734);
#1706=SURFACE_STYLE_USAGE(.BOTH.,#1735);
#1707=SURFACE_STYLE_USAGE(.BOTH.,#1736);
#1708=SURFACE_STYLE_USAGE(.BOTH.,#1737);
#1709=SURFACE_STYLE_USAGE(.BOTH.,#1738);
#1710=SURFACE_STYLE_USAGE(.BOTH.,#1739);
#1711=SURFACE_STYLE_USAGE(.BOTH.,#1740);
#1712=SURFACE_STYLE_USAGE(.BOTH.,#1741);
#1713=SURFACE_STYLE_USAGE(.BOTH.,#1742);
#1714=SURFACE_STYLE_USAGE(.BOTH.,#1743);
#1715=SURFACE_STYLE_USAGE(.BOTH.,#1744);
#1716=SURFACE_STYLE_USAGE(.BOTH.,#1745);
#1717=SURFACE_STYLE_USAGE(.BOTH.,#1746);
#1718=SURFACE_STYLE_USAGE(.BOTH.,#1747);
#1719=SURFACE_STYLE_USAGE(.BOTH.,#1748);
#1720=SURFACE_STYLE_USAGE(.BOTH.,#1749);
#1721=SURFACE_STYLE_USAGE(.BOTH.,#1750);
#1722=SURFACE_STYLE_USAGE(.BOTH.,#1751);
#1723=SURFACE_STYLE_USAGE(.BOTH.,#1752);
#1724=SURFACE_STYLE_USAGE(.BOTH.,#1753);
#1725=SURFACE_STYLE_USAGE(.BOTH.,#1754);
#1726=SURFACE_STYLE_USAGE(.BOTH.,#1755);
#1727=SURFACE_STYLE_USAGE(.BOTH.,#1756);
#1728=SURFACE_STYLE_USAGE(.BOTH.,#1757);
#1729=SURFACE_STYLE_USAGE(.BOTH.,#1758);
#1730=SURFACE_SIDE_STYLE('',(#1759));
#1731=SURFACE_SIDE_STYLE('',(#1760));
#1732=SURFACE_SIDE_STYLE('',(#1761));
#1733=SURFACE_SIDE_STYLE('',(#1762));
#1734=SURFACE_SIDE_STYLE('',(#1763));
#1735=SURFACE_SIDE_STYLE('',(#1764));
#1736=SURFACE_SIDE_STYLE('',(#1765));
#1737=SURFACE_SIDE_STYLE('',(#1766));
#1738=SURFACE_SIDE_STYLE('',(#1767));
#1739=SURFACE_SIDE_STYLE('',(#1768));
#1740=SURFACE_SIDE_STYLE('',(#1769));
#1741=SURFACE_SIDE_STYLE('',(#1770));
#1742=SURFACE_SIDE_STYLE('',(#1771));
#1743=SURFACE_SIDE_STYLE('',(#1772));
#1744=SURFACE_SIDE_STYLE('',(#1773));
#1745=SURFACE_SIDE_STYLE('',(#1774));
#1746=SURFACE_SIDE_STYLE('',(#1775));
#1747=SURFACE_SIDE_STYLE('',(#1776));
#1748=SURFACE_SIDE_STYLE('',(#1777));
#1749=SURFACE_SIDE_STYLE('',(#1778));
#1750=SURFACE_SIDE_STYLE('',(#1779));
#1751=SURFACE_SIDE_STYLE('',(#1780));
#1752=SURFACE_SIDE_STYLE('',(#1781));
#1753=SURFACE_SIDE_STYLE('',(#1782));
#1754=SURFACE_SIDE_STYLE('',(#1783));
#1755=SURFACE_SIDE_STYLE('',(#1784));
#1756=SURFACE_SIDE_STYLE('',(#1785));
#1757=SURFACE_SIDE_STYLE('',(#1786));
#1758=SURFACE_SIDE_STYLE('',(#1787));
#1759=SURFACE_STYLE_FILL_AREA(#1788);
#1760=SURFACE_STYLE_FILL_AREA(#1789);
#1761=SURFACE_STYLE_FILL_AREA(#1790);
#1762=SURFACE_STYLE_FILL_AREA(#1791);
#1763=SURFACE_STYLE_FILL_AREA(#1792);
#1764=SURFACE_STYLE_FILL_AREA(#1793);
#1765=SURFACE_STYLE_FILL_AREA(#1794);
#1766=SURFACE_STYLE_FILL_AREA(#1795);
#1767=SURFACE_STYLE_FILL_AREA(#1796);
#1768=SURFACE_STYLE_FILL_AREA(#1797);
#1769=SURFACE_STYLE_FILL_AREA(#1798);
#1770=SURFACE_STYLE_FILL_AREA(#1799);
#1771=SURFACE_STYLE_FILL_AREA(#1800);
#1772=SURFACE_STYLE_FILL_AREA(#1801);
#1773=SURFACE_STYLE_FILL_AREA(#1802);
#1774=SURFACE_STYLE_FILL_AREA(#1803);
#1775=SURFACE_STYLE_FILL_AREA(#1804);
#1776=SURFACE_STYLE_FILL_AREA(#1805);
#1777=SURFACE_STYLE_FILL_AREA(#1806);
#1778=SURFACE_STYLE_FILL_AREA(#1807);
#1779=SURFACE_STYLE_FILL_AREA(#1808);
#1780=SURFACE_STYLE_FILL_AREA(#1809);
#1781=SURFACE_STYLE_FILL_AREA(#1810);
#1782=SURFACE_STYLE_FILL_AREA(#1811);
#1783=SURFACE_STYLE_FILL_AREA(#1812);
#1784=SURFACE_STYLE_FILL_AREA(#1813);
#1785=SURFACE_STYLE_FILL_AREA(#1814);
#1786=SURFACE_STYLE_FILL_AREA(#1815);
#1787=SURFACE_STYLE_FILL_AREA(#1816);
#1788=FILL_AREA_STYLE('',(#1817));
#1789=FILL_AREA_STYLE('',(#1818));
#1790=FILL_AREA_STYLE('',(#1819));
#1791=FILL_AREA_STYLE('',(#1820));
#1792=FILL_AREA_STYLE('',(#1821));
#1793=FILL_AREA_STYLE('',(#1822));
#1794=FILL_AREA_STYLE('',(#1823));
#1795=FILL_AREA_STYLE('',(#1824));
#1796=FILL_AREA_STYLE('',(#1825));
#1797=FILL_AREA_STYLE('',(#1826));
#1798=FILL_AREA_STYLE('',(#1827));
#1799=FILL_AREA_STYLE('',(#1828));
#1800=FILL_AREA_STYLE('',(#1829));
#1801=FILL_AREA_STYLE('',(#1830));
#1802=FILL_AREA_STYLE('',(#1831));
#1803=FILL_AREA_STYLE('',(#1832));
#1804=FILL_AREA_STYLE('',(#1833));
#1805=FILL_AREA_STYLE('',(#1834));
#1806=FILL_AREA_STYLE('',(#1835));
#1807=FILL_AREA_STYLE('',(#1836));
#1808=FILL_AREA_STYLE('',(#1837));
#1809=FILL_AREA_STYLE('',(#1838));
#1810=FILL_AREA_STYLE('',(#1839));
#1811=FILL_AREA_STYLE('',(#1840));
#1812=FILL_AREA_STYLE('',(#1841));
#1813=FILL_AREA_STYLE('',(#1842));
#1814=FILL_AREA_STYLE('',(#1843));
#1815=FILL_AREA_STYLE('',(#1844));
#1816=FILL_AREA_STYLE('',(#1845));
#1817=FILL_AREA_STYLE_COLOUR('',#1846);
#1818=FILL_AREA_STYLE_COLOUR('',#1847);
#1819=FILL_AREA_STYLE_COLOUR('',#1847);
#1820=FILL_AREA_STYLE_COLOUR('',#1847);
#1821=FILL_AREA_STYLE_COLOUR('',#1847);
#1822=FILL_AREA_STYLE_COLOUR('',#1847);
#1823=FILL_AREA_STYLE_COLOUR('',#1847);
#1824=FILL_AREA_STYLE_COLOUR('',#1847);
#1825=FILL_AREA_STYLE_COLOUR('',#1847);
#1826=FILL_AREA_STYLE_COLOUR('',#1847);
#1827=FILL_AREA_STYLE_COLOUR('',#1847);
#1828=FILL_AREA_STYLE_COLOUR('',#1847);
#1829=FILL_AREA_STYLE_COLOUR('',#1847);
#1830=FILL_AREA_STYLE_COLOUR('',#1847);
#1831=FILL_AREA_STYLE_COLOUR('',#1847);
#1832=FILL_AREA_STYLE_COLOUR('',#1847);
#1833=FILL_AREA_STYLE_COLOUR('',#1847);
#1834=FILL_AREA_STYLE_COLOUR('',#1847);
#1835=FILL_AREA_STYLE_COLOUR('',#1847);
#1836=FILL_AREA_STYLE_COLOUR('',#1847);
#1837=FILL_AREA_STYLE_COLOUR('',#1847);
#1838=FILL_AREA_STYLE_COLOUR('',#1847);
#1839=FILL_AREA_STYLE_COLOUR('',#1847);
#1840=FILL_AREA_STYLE_COLOUR('',#1847);
#1841=FILL_AREA_STYLE_COLOUR('',#1847);
#1842=FILL_AREA_STYLE_COLOUR('',#1847);
#1843=FILL_AREA_STYLE_COLOUR('',#1847);
#1844=FILL_AREA_STYLE_COLOUR('',#1847);
#1845=FILL_AREA_STYLE_COLOUR('',#1848);
#1846=COLOUR_RGB('',0.980392156862745,0.713725490196078,0.00392156862745098);
#1847=COLOUR_RGB('',0.43921568627451,0.474509803921569,0.501960784313726);
#1848=COLOUR_RGB('',0.647058823529412,0.647058823529412,0.647058823529412);
#1849=MANIFOLD_SOLID_BREP('Bottom Case',#1668);
#1850=MANIFOLD_SOLID_BREP('Top Plate',#1669);
#1851=SHAPE_DEFINITION_REPRESENTATION(#2839,#1853);
#1852=SHAPE_DEFINITION_REPRESENTATION(#2840,#1854);
#1853=SHAPE_REPRESENTATION('Bottom Case',(#1855),#2829);
#1854=SHAPE_REPRESENTATION('Top Plate',(#1897),#2830);
#1855=AXIS2_PLACEMENT_3D('',#2374,#1963,#1964);
#1856=AXIS2_PLACEMENT_3D('',#2375,#1965,#1966);
#1857=AXIS2_PLACEMENT_3D('',#2404,#1981,#1982);
#1858=AXIS2_PLACEMENT_3D('',#2405,#1983,#1984);
#1859=AXIS2_PLACEMENT_3D('',#2417,#1991,#1992);
#1860=AXIS2_PLACEMENT_3D('',#2418,#1993,#1994);
#1861=AXIS2_PLACEMENT_3D('',#2420,#1995,#1996);
#1862=AXIS2_PLACEMENT_3D('',#2422,#1997,#1998);
#1863=AXIS2_PLACEMENT_3D('',#2423,#1999,#2000);
#1864=AXIS2_PLACEMENT_3D('',#2425,#2001,#2002);
#1865=AXIS2_PLACEMENT_3D('',#2426,#2003,#2004);
#1866=AXIS2_PLACEMENT_3D('',#2438,#2011,#2012);
#1867=AXIS2_PLACEMENT_3D('',#2442,#2015,#2016);
#1868=AXIS2_PLACEMENT_3D('',#2443,#2017,#2018);
#1869=AXIS2_PLACEMENT_3D('',#2448,#2021,#2022);
#1870=AXIS2_PLACEMENT_3D('',#2449,#2023,#2024);
#1871=AXIS2_PLACEMENT_3D('',#2454,#2027,#2028);
#1872=AXIS2_PLACEMENT_3D('',#2455,#2029,#2030);
#1873=AXIS2_PLACEMENT_3D('',#2460,#2033,#2034);
#1874=AXIS2_PLACEMENT_3D('',#2464,#2037,#2038);
#1875=AXIS2_PLACEMENT_3D('',#2465,#2039,#2040);
#1876=AXIS2_PLACEMENT_3D('',#2470,#2043,#2044);
#1877=AXIS2_PLACEMENT_3D('',#2472,#2046,#2047);
#1878=AXIS2_PLACEMENT_3D('',#2474,#2049,#2050);
#1879=AXIS2_PLACEMENT_3D('',#2475,#2051,#2052);
#1880=AXIS2_PLACEMENT_3D('',#2476,#2053,#2054);
#1881=AXIS2_PLACEMENT_3D('',#2478,#2055,#2056);
#1882=AXIS2_PLACEMENT_3D('',#2480,#2058,#2059);
#1883=AXIS2_PLACEMENT_3D('',#2482,#2061,#2062);
#1884=AXIS2_PLACEMENT_3D('',#2483,#2063,#2064);
#1885=AXIS2_PLACEMENT_3D('',#2484,#2065,#2066);
#1886=AXIS2_PLACEMENT_3D('',#2485,#2067,#2068);
#1887=AXIS2_PLACEMENT_3D('',#2486,#2069,#2070);
#1888=AXIS2_PLACEMENT_3D('',#2487,#2071,#2072);
#1889=AXIS2_PLACEMENT_3D('',#2489,#2073,#2074);
#1890=AXIS2_PLACEMENT_3D('',#2490,#2075,#2076);
#1891=AXIS2_PLACEMENT_3D('',#2492,#2077,#2078);
#1892=AXIS2_PLACEMENT_3D('',#2493,#2079,#2080);
#1893=AXIS2_PLACEMENT_3D('',#2495,#2081,#2082);
#1894=AXIS2_PLACEMENT_3D('',#2496,#2083,#2084);
#1895=AXIS2_PLACEMENT_3D('',#2497,#2085,#2086);
#1896=AXIS2_PLACEMENT_3D('',#2499,#2087,#2088);
#1897=AXIS2_PLACEMENT_3D('',#2500,#2089,#2090);
#1898=AXIS2_PLACEMENT_3D('',#2501,#2091,#2092);
#1899=AXIS2_PLACEMENT_3D('',#2602,#2143,#2144);
#1900=AXIS2_PLACEMENT_3D('',#2683,#2185,#2186);
#1901=AXIS2_PLACEMENT_3D('',#2686,#2189,#2190);
#1902=AXIS2_PLACEMENT_3D('',#2693,#2195,#2196);
#1903=AXIS2_PLACEMENT_3D('',#2695,#2197,#2198);
#1904=AXIS2_PLACEMENT_3D('',#2697,#2200,#2201);
#1905=AXIS2_PLACEMENT_3D('',#2699,#2203,#2204);
#1906=AXIS2_PLACEMENT_3D('',#2706,#2209,#2210);
#1907=AXIS2_PLACEMENT_3D('',#2708,#2211,#2212);
#1908=AXIS2_PLACEMENT_3D('',#2714,#2216,#2217);
#1909=AXIS2_PLACEMENT_3D('',#2715,#2218,#2219);
#1910=AXIS2_PLACEMENT_3D('',#2721,#2223,#2224);
#1911=AXIS2_PLACEMENT_3D('',#2722,#2225,#2226);
#1912=AXIS2_PLACEMENT_3D('',#2725,#2229,#2230);
#1913=AXIS2_PLACEMENT_3D('',#2727,#2232,#2233);
#1914=AXIS2_PLACEMENT_3D('',#2729,#2235,#2236);
#1915=AXIS2_PLACEMENT_3D('',#2730,#2237,#2238);
#1916=AXIS2_PLACEMENT_3D('',#2733,#2241,#2242);
#1917=AXIS2_PLACEMENT_3D('',#2735,#2244,#2245);
#1918=AXIS2_PLACEMENT_3D('',#2737,#2247,#2248);
#1919=AXIS2_PLACEMENT_3D('',#2738,#2249,#2250);
#1920=AXIS2_PLACEMENT_3D('',#2741,#2253,#2254);
#1921=AXIS2_PLACEMENT_3D('',#2743,#2256,#2257);
#1922=AXIS2_PLACEMENT_3D('',#2745,#2259,#2260);
#1923=AXIS2_PLACEMENT_3D('',#2746,#2261,#2262);
#1924=AXIS2_PLACEMENT_3D('',#2749,#2265,#2266);
#1925=AXIS2_PLACEMENT_3D('',#2751,#2268,#2269);
#1926=AXIS2_PLACEMENT_3D('',#2753,#2271,#2272);
#1927=AXIS2_PLACEMENT_3D('',#2754,#2273,#2274);
#1928=AXIS2_PLACEMENT_3D('',#2757,#2277,#2278);
#1929=AXIS2_PLACEMENT_3D('',#2759,#2280,#2281);
#1930=AXIS2_PLACEMENT_3D('',#2761,#2283,#2284);
#1931=AXIS2_PLACEMENT_3D('',#2762,#2285,#2286);
#1932=AXIS2_PLACEMENT_3D('',#2765,#2289,#2290);
#1933=AXIS2_PLACEMENT_3D('',#2767,#2292,#2293);
#1934=AXIS2_PLACEMENT_3D('',#2769,#2295,#2296);
#1935=AXIS2_PLACEMENT_3D('',#2770,#2297,#2298);
#1936=AXIS2_PLACEMENT_3D('',#2773,#2301,#2302);
#1937=AXIS2_PLACEMENT_3D('',#2775,#2304,#2305);
#1938=AXIS2_PLACEMENT_3D('',#2777,#2307,#2308);
#1939=AXIS2_PLACEMENT_3D('',#2778,#2309,#2310);
#1940=AXIS2_PLACEMENT_3D('',#2781,#2313,#2314);
#1941=AXIS2_PLACEMENT_3D('',#2783,#2316,#2317);
#1942=AXIS2_PLACEMENT_3D('',#2785,#2319,#2320);
#1943=AXIS2_PLACEMENT_3D('',#2786,#2321,#2322);
#1944=AXIS2_PLACEMENT_3D('',#2787,#2323,#2324);
#1945=AXIS2_PLACEMENT_3D('',#2789,#2325,#2326);
#1946=AXIS2_PLACEMENT_3D('',#2790,#2327,#2328);
#1947=AXIS2_PLACEMENT_3D('',#2791,#2329,#2330);
#1948=AXIS2_PLACEMENT_3D('',#2793,#2331,#2332);
#1949=AXIS2_PLACEMENT_3D('',#2794,#2333,#2334);
#1950=AXIS2_PLACEMENT_3D('',#2795,#2335,#2336);
#1951=AXIS2_PLACEMENT_3D('',#2797,#2337,#2338);
#1952=AXIS2_PLACEMENT_3D('',#2798,#2339,#2340);
#1953=AXIS2_PLACEMENT_3D('',#2802,#2343,#2344);
#1954=AXIS2_PLACEMENT_3D('',#2806,#2347,#2348);
#1955=AXIS2_PLACEMENT_3D('',#2808,#2350,#2351);
#1956=AXIS2_PLACEMENT_3D('',#2809,#2352,#2353);
#1957=AXIS2_PLACEMENT_3D('',#2813,#2356,#2357);
#1958=AXIS2_PLACEMENT_3D('',#2817,#2360,#2361);
#1959=AXIS2_PLACEMENT_3D('',#2819,#2363,#2364);
#1960=AXIS2_PLACEMENT_3D('',#2820,#2365,#2366);
#1961=AXIS2_PLACEMENT_3D('',#2824,#2369,#2370);
#1962=AXIS2_PLACEMENT_3D('',#2826,#2372,#2373);
#1963=DIRECTION('',(0.,0.,1.));
#1964=DIRECTION('',(1.,0.,0.));
#1965=DIRECTION('',(0.,-1.,0.));
#1966=DIRECTION('',(1.,0.,0.));
#1967=DIRECTION('',(-1.,0.,0.));
#1968=DIRECTION('',(0.,0.,1.));
#1969=DIRECTION('',(1.,0.,0.));
#1970=DIRECTION('',(0.,0.,-1.));
#1971=DIRECTION('',(0.869732845365564,0.,-0.493522823881855));
#1972=DIRECTION('',(-1.,0.,-1.25477285784941E-16));
#1973=DIRECTION('',(1.12279836632803E-16,0.,-1.));
#1974=DIRECTION('',(1.,0.,0.));
#1975=DIRECTION('',(0.,0.,1.));
#1976=DIRECTION('',(-1.,0.,0.));
#1977=DIRECTION('',(-4.72033598905254E-16,0.,1.));
#1978=DIRECTION('',(1.,0.,2.65349671277523E-16));
#1979=DIRECTION('',(0.869732845365564,0.,-0.493522823881854));
#1980=DIRECTION('',(0.,0.,-1.));
#1981=DIRECTION('',(0.,0.,1.));
#1982=DIRECTION('',(1.,0.,0.));
#1983=DIRECTION('',(0.,0.,1.));
#1984=DIRECTION('',(1.,0.,0.));
#1985=DIRECTION('',(1.,0.,0.));
#1986=DIRECTION('',(0.,-1.,0.));
#1987=DIRECTION('',(0.,1.,0.));
#1988=DIRECTION('',(1.,0.,0.));
#1989=DIRECTION('',(0.,1.,0.));
#1990=DIRECTION('',(0.,1.,0.));
#1991=DIRECTION('',(0.,1.,0.));
#1992=DIRECTION('',(0.,0.,1.));
#1993=DIRECTION('',(0.,-1.,0.));
#1994=DIRECTION('',(0.,0.,-1.));
#1995=DIRECTION('',(0.,-1.,0.));
#1996=DIRECTION('',(0.,0.,-1.));
#1997=DIRECTION('',(0.,-1.,0.));
#1998=DIRECTION('',(1.,0.,0.));
#1999=DIRECTION('',(0.,-1.,0.));
#2000=DIRECTION('',(0.,0.,-1.));
#2001=DIRECTION('',(0.,0.,-1.));
#2002=DIRECTION('',(-1.,0.,0.));
#2003=DIRECTION('',(0.,0.,-1.));
#2004=DIRECTION('',(-1.,0.,0.));
#2005=DIRECTION('',(0.,-1.,0.));
#2006=DIRECTION('',(1.,0.,0.));
#2007=DIRECTION('',(0.,1.,0.));
#2008=DIRECTION('',(0.,1.,0.));
#2009=DIRECTION('',(1.,0.,0.));
#2010=DIRECTION('',(0.,1.,0.));
#2011=DIRECTION('',(-1.,0.,-4.72033598905254E-16));
#2012=DIRECTION('',(-4.72033598905254E-16,0.,1.));
#2013=DIRECTION('',(0.,0.,-1.));
#2014=DIRECTION('',(0.,1.,0.));
#2015=DIRECTION('',(-2.65349671277523E-16,0.,1.));
#2016=DIRECTION('',(1.,0.,2.65349671277523E-16));
#2017=DIRECTION('',(-2.65349671277523E-16,0.,1.));
#2018=DIRECTION('',(1.,0.,2.65349671277523E-16));
#2019=DIRECTION('',(-1.,0.,0.));
#2020=DIRECTION('',(0.,1.,0.));
#2021=DIRECTION('',(1.,0.,0.));
#2022=DIRECTION('',(0.,0.,-1.));
#2023=DIRECTION('',(1.,0.,0.));
#2024=DIRECTION('',(0.,0.,-1.));
#2025=DIRECTION('',(0.,0.,-1.));
#2026=DIRECTION('',(0.,1.,0.));
#2027=DIRECTION('',(1.,0.,0.));
#2028=DIRECTION('',(0.,0.,-1.));
#2029=DIRECTION('',(-1.,0.,0.));
#2030=DIRECTION('',(0.,0.,1.));
#2031=DIRECTION('',(0.,0.,-1.));
#2032=DIRECTION('',(0.,1.,0.));
#2033=DIRECTION('',(0.493522823881855,0.,0.869732845365564));
#2034=DIRECTION('',(0.869732845365564,0.,-0.493522823881855));
#2035=DIRECTION('',(0.869732845365564,0.,-0.493522823881855));
#2036=DIRECTION('',(0.,1.,0.));
#2037=DIRECTION('',(1.25477285784941E-16,0.,-1.));
#2038=DIRECTION('',(-1.,0.,-1.25477285784941E-16));
#2039=DIRECTION('',(1.25477285784941E-16,0.,-1.));
#2040=DIRECTION('',(-1.,0.,-1.25477285784941E-16));
#2041=DIRECTION('',(-1.,0.,-1.25477285784941E-16));
#2042=DIRECTION('',(0.,1.,0.));
#2043=DIRECTION('',(1.,0.,1.12279836632803E-16));
#2044=DIRECTION('',(1.12279836632803E-16,0.,-1.));
#2045=DIRECTION('',(1.12279836632803E-16,0.,-1.));
#2046=DIRECTION('',(0.493522823881854,0.,0.869732845365564));
#2047=DIRECTION('',(0.869732845365564,0.,-0.493522823881854));
#2048=DIRECTION('',(0.869732845365564,0.,-0.493522823881854));
#2049=DIRECTION('',(0.,-1.,0.));
#2050=DIRECTION('',(1.,0.,0.));
#2051=DIRECTION('',(0.,-1.,0.));
#2052=DIRECTION('',(1.,0.,0.));
#2053=DIRECTION('',(0.,-1.,0.));
#2054=DIRECTION('',(0.,0.,-1.));
#2055=DIRECTION('',(-1.,0.,0.));
#2056=DIRECTION('',(0.,0.,1.));
#2057=DIRECTION('',(0.,0.,1.));
#2058=DIRECTION('',(0.,-1.,0.));
#2059=DIRECTION('',(0.,0.,-1.));
#2060=DIRECTION('',(0.,0.,1.));
#2061=DIRECTION('',(1.,0.,0.));
#2062=DIRECTION('',(0.,0.,-1.));
#2063=DIRECTION('',(1.25477285784941E-16,0.,-1.));
#2064=DIRECTION('',(-1.,0.,-1.25477285784941E-16));
#2065=DIRECTION('',(-1.,0.,0.));
#2066=DIRECTION('',(0.,0.,1.));
#2067=DIRECTION('',(0.,0.,1.));
#2068=DIRECTION('',(1.,0.,0.));
#2069=DIRECTION('',(0.,1.,0.));
#2070=DIRECTION('',(0.,0.,1.));
#2071=DIRECTION('',(0.,-1.,0.));
#2072=DIRECTION('',(0.,0.,-1.));
#2073=DIRECTION('',(0.,-1.,0.));
#2074=DIRECTION('',(1.,0.,0.));
#2075=DIRECTION('',(0.,-1.,0.));
#2076=DIRECTION('',(0.,0.,-1.));
#2077=DIRECTION('',(0.,-1.,0.));
#2078=DIRECTION('',(0.,0.,-1.));
#2079=DIRECTION('',(0.,-1.,0.));
#2080=DIRECTION('',(0.,0.,-1.));
#2081=DIRECTION('',(0.,-1.,0.));
#2082=DIRECTION('',(1.,0.,0.));
#2083=DIRECTION('',(0.,-1.,0.));
#2084=DIRECTION('',(0.,0.,-1.));
#2085=DIRECTION('',(0.,-1.,0.));
#2086=DIRECTION('',(0.,0.,-1.));
#2087=DIRECTION('',(0.,-1.,0.));
#2088=DIRECTION('',(1.,0.,0.));
#2089=DIRECTION('',(0.,0.,1.));
#2090=DIRECTION('',(1.,0.,0.));
#2091=DIRECTION('',(0.,-1.,0.));
#2092=DIRECTION('',(1.,0.,0.));
#2093=DIRECTION('',(-1.,0.,-3.10048878637499E-16));
#2094=DIRECTION('',(0.,0.,-1.));
#2095=DIRECTION('',(1.,0.,0.));
#2096=DIRECTION('',(0.,0.,1.));
#2097=DIRECTION('',(1.,0.,-2.47817639425258E-16));
#2098=DIRECTION('',(-4.33680868994202E-16,0.,-1.));
#2099=DIRECTION('',(1.,0.,0.));
#2100=DIRECTION('',(-4.33680868994202E-16,0.,-1.));
#2101=DIRECTION('',(1.,0.,-2.47817639425259E-16));
#2102=DIRECTION('',(-4.95635278850516E-16,0.,-1.));
#2103=DIRECTION('',(1.,0.,0.));
#2104=DIRECTION('',(0.,0.,-1.));
#2105=DIRECTION('',(1.,0.,-3.09772049281573E-16));
#2106=DIRECTION('',(-4.95635278850516E-16,0.,-1.));
#2107=DIRECTION('',(1.,0.,0.));
#2108=DIRECTION('',(-4.95635278850516E-16,0.,-1.));
#2109=DIRECTION('',(1.,0.,-2.47817639425258E-16));
#2110=DIRECTION('',(-4.95635278850516E-16,0.,-1.));
#2111=DIRECTION('',(1.,0.,0.));
#2112=DIRECTION('',(-2.47817639425258E-16,0.,-1.));
#2113=DIRECTION('',(1.,0.,-2.47817639425258E-16));
#2114=DIRECTION('',(-4.33680868994202E-16,0.,-1.));
#2115=DIRECTION('',(1.,0.,0.));
#2116=DIRECTION('',(-4.33680868994202E-16,0.,-1.));
#2117=DIRECTION('',(1.,0.,-2.40073338193219E-16));
#2118=DIRECTION('',(-4.95635278850516E-16,0.,-1.));
#2119=DIRECTION('',(1.,0.,0.));
#2120=DIRECTION('',(-4.95635278850516E-16,0.,-1.));
#2121=DIRECTION('',(1.,0.,-2.89120579329468E-16));
#2122=DIRECTION('',(-2.89120579329468E-16,0.,-1.));
#2123=DIRECTION('',(1.,0.,0.));
#2124=DIRECTION('',(-4.33680868994202E-16,0.,-1.));
#2125=DIRECTION('',(-1.,0.,0.));
#2126=DIRECTION('',(0.,0.,-1.));
#2127=DIRECTION('',(1.,0.,0.));
#2128=DIRECTION('',(0.,0.,-1.));
#2129=DIRECTION('',(1.,0.,0.));
#2130=DIRECTION('',(0.,0.,1.));
#2131=DIRECTION('',(-1.,0.,0.));
#2132=DIRECTION('',(0.,0.,1.));
#2133=DIRECTION('',(-1.,0.,0.));
#2134=DIRECTION('',(-4.72033598905254E-16,0.,1.));
#2135=DIRECTION('',(1.,0.,2.65349671277523E-16));
#2136=DIRECTION('',(0.,0.,1.));
#2137=DIRECTION('',(-1.,0.,0.));
#2138=DIRECTION('',(0.,0.,-1.));
#2139=DIRECTION('',(1.,0.,2.65349671277523E-16));
#2140=DIRECTION('',(0.,0.,-1.));
#2141=DIRECTION('',(1.,0.,0.));
#2142=DIRECTION('',(0.,0.,-1.));
#2143=DIRECTION('',(0.,-1.,0.));
#2144=DIRECTION('',(1.,0.,0.));
#2145=DIRECTION('',(-1.,0.,-3.10048878637499E-16));
#2146=DIRECTION('',(0.,0.,1.));
#2147=DIRECTION('',(1.,0.,0.));
#2148=DIRECTION('',(0.,0.,-1.));
#2149=DIRECTION('',(-4.33680868994202E-16,0.,-1.));
#2150=DIRECTION('',(1.,0.,-2.47817639425258E-16));
#2151=DIRECTION('',(-4.33680868994202E-16,0.,-1.));
#2152=DIRECTION('',(1.,0.,0.));
#2153=DIRECTION('',(-4.95635278850516E-16,0.,-1.));
#2154=DIRECTION('',(1.,0.,-2.40073338193219E-16));
#2155=DIRECTION('',(-4.95635278850516E-16,0.,-1.));
#2156=DIRECTION('',(1.,0.,0.));
#2157=DIRECTION('',(-4.95635278850516E-16,0.,-1.));
#2158=DIRECTION('',(1.,0.,-2.47817639425259E-16));
#2159=DIRECTION('',(0.,0.,-1.));
#2160=DIRECTION('',(1.,0.,0.));
#2161=DIRECTION('',(-4.33680868994202E-16,0.,-1.));
#2162=DIRECTION('',(1.,0.,-2.47817639425258E-16));
#2163=DIRECTION('',(-4.33680868994202E-16,0.,-1.));
#2164=DIRECTION('',(1.,0.,0.));
#2165=DIRECTION('',(-4.95635278850516E-16,0.,-1.));
#2166=DIRECTION('',(1.,0.,-3.09772049281573E-16));
#2167=DIRECTION('',(-4.95635278850516E-16,0.,-1.));
#2168=DIRECTION('',(1.,0.,0.));
#2169=DIRECTION('',(-4.95635278850516E-16,0.,-1.));
#2170=DIRECTION('',(1.,0.,-2.47817639425258E-16));
#2171=DIRECTION('',(-2.47817639425258E-16,0.,-1.));
#2172=DIRECTION('',(1.,0.,0.));
#2173=DIRECTION('',(1.,0.,0.));
#2174=DIRECTION('',(0.,0.,-1.));
#2175=DIRECTION('',(1.,0.,0.));
#2176=DIRECTION('',(0.,0.,-1.));
#2177=DIRECTION('',(1.,0.,2.65349671277523E-16));
#2178=DIRECTION('',(-4.72033598905254E-16,0.,1.));
#2179=DIRECTION('',(-1.,0.,0.));
#2180=DIRECTION('',(0.,0.,1.));
#2181=DIRECTION('',(-2.89120579329468E-16,0.,-1.));
#2182=DIRECTION('',(1.,0.,-2.89120579329468E-16));
#2183=DIRECTION('',(-4.33680868994202E-16,0.,-1.));
#2184=DIRECTION('',(1.,0.,0.));
#2185=DIRECTION('',(0.,0.,-1.));
#2186=DIRECTION('',(-1.,0.,0.));
#2187=DIRECTION('',(0.,-1.,0.));
#2188=DIRECTION('',(0.,-1.,0.));
#2189=DIRECTION('',(-1.,0.,0.));
#2190=DIRECTION('',(0.,0.,1.));
#2191=DIRECTION('',(0.,-1.,0.));
#2192=DIRECTION('',(0.,-1.,0.));
#2193=DIRECTION('',(0.,-1.,0.));
#2194=DIRECTION('',(0.,0.,-1.));
#2195=DIRECTION('',(-1.,0.,0.));
#2196=DIRECTION('',(0.,0.,1.));
#2197=DIRECTION('',(0.,0.,-1.));
#2198=DIRECTION('',(-1.,0.,0.));
#2199=DIRECTION('',(0.,-1.,0.));
#2200=DIRECTION('',(-1.,0.,0.));
#2201=DIRECTION('',(0.,0.,1.));
#2202=DIRECTION('',(0.,-1.,0.));
#2203=DIRECTION('',(2.65349671277523E-16,0.,-1.));
#2204=DIRECTION('',(-1.,0.,-2.65349671277523E-16));
#2205=DIRECTION('',(0.,-1.,0.));
#2206=DIRECTION('',(0.,-1.,0.));
#2207=DIRECTION('',(0.,-1.,0.));
#2208=DIRECTION('',(1.,0.,2.65349671277523E-16));
#2209=DIRECTION('',(2.65349671277523E-16,0.,-1.));
#2210=DIRECTION('',(-1.,0.,-2.65349671277523E-16));
#2211=DIRECTION('',(1.,0.,4.72033598905254E-16));
#2212=DIRECTION('',(4.72033598905254E-16,0.,-1.));
#2213=DIRECTION('',(0.,-1.,0.));
#2214=DIRECTION('',(-4.72033598905254E-16,0.,1.));
#2215=DIRECTION('',(0.,-1.,0.));
#2216=DIRECTION('',(0.,0.,1.));
#2217=DIRECTION('',(1.,0.,0.));
#2218=DIRECTION('',(0.,0.,1.));
#2219=DIRECTION('',(1.,0.,0.));
#2220=DIRECTION('',(-1.,0.,0.));
#2221=DIRECTION('',(0.,-1.,0.));
#2222=DIRECTION('',(0.,-1.,0.));
#2223=DIRECTION('',(1.,0.,0.));
#2224=DIRECTION('',(0.,0.,-1.));
#2225=DIRECTION('',(-2.47817639425258E-16,0.,-1.));
#2226=DIRECTION('',(-1.,0.,2.47817639425258E-16));
#2227=DIRECTION('',(0.,-1.,0.));
#2228=DIRECTION('',(0.,-1.,0.));
#2229=DIRECTION('',(-1.,0.,4.95635278850516E-16));
#2230=DIRECTION('',(4.95635278850516E-16,0.,1.));
#2231=DIRECTION('',(0.,-1.,0.));
#2232=DIRECTION('',(0.,0.,-1.));
#2233=DIRECTION('',(-1.,0.,0.));
#2234=DIRECTION('',(0.,-1.,0.));
#2235=DIRECTION('',(-1.,0.,2.47817639425258E-16));
#2236=DIRECTION('',(2.47817639425258E-16,0.,1.));
#2237=DIRECTION('',(-3.09772049281573E-16,0.,-1.));
#2238=DIRECTION('',(-1.,0.,3.09772049281573E-16));
#2239=DIRECTION('',(0.,-1.,0.));
#2240=DIRECTION('',(0.,-1.,0.));
#2241=DIRECTION('',(-1.,0.,4.95635278850516E-16));
#2242=DIRECTION('',(4.95635278850516E-16,0.,1.));
#2243=DIRECTION('',(0.,-1.,0.));
#2244=DIRECTION('',(0.,0.,-1.));
#2245=DIRECTION('',(-1.,0.,0.));
#2246=DIRECTION('',(0.,-1.,0.));
#2247=DIRECTION('',(-1.,0.,4.95635278850516E-16));
#2248=DIRECTION('',(4.95635278850516E-16,0.,1.));
#2249=DIRECTION('',(-2.47817639425258E-16,0.,-1.));
#2250=DIRECTION('',(-1.,0.,2.47817639425258E-16));
#2251=DIRECTION('',(0.,-1.,0.));
#2252=DIRECTION('',(0.,-1.,0.));
#2253=DIRECTION('',(-1.,0.,4.33680868994202E-16));
#2254=DIRECTION('',(4.33680868994202E-16,0.,1.));
#2255=DIRECTION('',(0.,-1.,0.));
#2256=DIRECTION('',(0.,0.,-1.));
#2257=DIRECTION('',(-1.,0.,0.));
#2258=DIRECTION('',(0.,-1.,0.));
#2259=DIRECTION('',(-1.,0.,4.33680868994202E-16));
#2260=DIRECTION('',(4.33680868994202E-16,0.,1.));
#2261=DIRECTION('',(-2.47817639425259E-16,0.,-1.));
#2262=DIRECTION('',(-1.,0.,2.47817639425259E-16));
#2263=DIRECTION('',(0.,-1.,0.));
#2264=DIRECTION('',(0.,-1.,0.));
#2265=DIRECTION('',(-1.,0.,4.95635278850516E-16));
#2266=DIRECTION('',(4.95635278850516E-16,0.,1.));
#2267=DIRECTION('',(0.,-1.,0.));
#2268=DIRECTION('',(0.,0.,-1.));
#2269=DIRECTION('',(-1.,0.,0.));
#2270=DIRECTION('',(0.,-1.,0.));
#2271=DIRECTION('',(-1.,0.,0.));
#2272=DIRECTION('',(0.,0.,1.));
#2273=DIRECTION('',(-2.40073338193219E-16,0.,-1.));
#2274=DIRECTION('',(-1.,0.,2.40073338193219E-16));
#2275=DIRECTION('',(0.,-1.,0.));
#2276=DIRECTION('',(0.,-1.,0.));
#2277=DIRECTION('',(-1.,0.,4.95635278850516E-16));
#2278=DIRECTION('',(4.95635278850516E-16,0.,1.));
#2279=DIRECTION('',(0.,-1.,0.));
#2280=DIRECTION('',(0.,0.,-1.));
#2281=DIRECTION('',(-1.,0.,0.));
#2282=DIRECTION('',(0.,-1.,0.));
#2283=DIRECTION('',(-1.,0.,4.95635278850516E-16));
#2284=DIRECTION('',(4.95635278850516E-16,0.,1.));
#2285=DIRECTION('',(-2.47817639425258E-16,0.,-1.));
#2286=DIRECTION('',(-1.,0.,2.47817639425258E-16));
#2287=DIRECTION('',(0.,-1.,0.));
#2288=DIRECTION('',(0.,-1.,0.));
#2289=DIRECTION('',(-1.,0.,4.33680868994202E-16));
#2290=DIRECTION('',(4.33680868994202E-16,0.,1.));
#2291=DIRECTION('',(0.,-1.,0.));
#2292=DIRECTION('',(0.,0.,-1.));
#2293=DIRECTION('',(-1.,0.,0.));
#2294=DIRECTION('',(0.,-1.,0.));
#2295=DIRECTION('',(-1.,0.,4.33680868994202E-16));
#2296=DIRECTION('',(4.33680868994202E-16,0.,1.));
#2297=DIRECTION('',(-2.89120579329468E-16,0.,-1.));
#2298=DIRECTION('',(-1.,0.,2.89120579329468E-16));
#2299=DIRECTION('',(0.,-1.,0.));
#2300=DIRECTION('',(0.,-1.,0.));
#2301=DIRECTION('',(-1.,0.,2.89120579329468E-16));
#2302=DIRECTION('',(2.89120579329468E-16,0.,1.));
#2303=DIRECTION('',(0.,-1.,0.));
#2304=DIRECTION('',(0.,0.,-1.));
#2305=DIRECTION('',(-1.,0.,0.));
#2306=DIRECTION('',(0.,-1.,0.));
#2307=DIRECTION('',(-1.,0.,4.33680868994202E-16));
#2308=DIRECTION('',(4.33680868994202E-16,0.,1.));
#2309=DIRECTION('',(-1.,0.,0.));
#2310=DIRECTION('',(0.,0.,1.));
#2311=DIRECTION('',(0.,1.,0.));
#2312=DIRECTION('',(0.,0.601815023152048,0.798635510047293));
#2313=DIRECTION('',(0.,0.,1.));
#2314=DIRECTION('',(1.,0.,0.));
#2315=DIRECTION('',(0.,1.,0.));
#2316=DIRECTION('',(1.,0.,0.));
#2317=DIRECTION('',(0.,0.,-1.));
#2318=DIRECTION('',(0.,0.601815023152048,0.798635510047293));
#2319=DIRECTION('',(-1.86592073075493E-16,-0.798635510047293,0.601815023152048));
#2320=DIRECTION('',(2.4761604433025E-16,-0.601815023152048,-0.798635510047293));
#2321=DIRECTION('',(1.25477285784941E-16,0.,-1.));
#2322=DIRECTION('',(1.,0.,1.25477285784941E-16));
#2323=DIRECTION('',(1.25477285784941E-16,0.,-1.));
#2324=DIRECTION('',(-1.,0.,-1.25477285784941E-16));
#2325=DIRECTION('',(1.25477285784941E-16,0.,-1.));
#2326=DIRECTION('',(-1.,0.,-1.25477285784941E-16));
#2327=DIRECTION('',(-1.,0.,0.));
#2328=DIRECTION('',(0.,-1.,0.));
#2329=DIRECTION('',(-1.,0.,0.));
#2330=DIRECTION('',(0.,0.,1.));
#2331=DIRECTION('',(-1.,0.,0.));
#2332=DIRECTION('',(0.,0.,1.));
#2333=DIRECTION('',(0.,0.,1.));
#2334=DIRECTION('',(1.,0.,0.));
#2335=DIRECTION('',(0.,0.,1.));
#2336=DIRECTION('',(1.,0.,0.));
#2337=DIRECTION('',(0.,0.,1.));
#2338=DIRECTION('',(1.,0.,0.));
#2339=DIRECTION('',(1.,0.,0.));
#2340=DIRECTION('',(0.,0.,-1.));
#2341=DIRECTION('',(0.,0.,1.));
#2342=DIRECTION('',(0.,-1.,0.));
#2343=DIRECTION('',(-1.,0.,0.));
#2344=DIRECTION('',(0.,0.,1.));
#2345=DIRECTION('',(0.,-1.,0.));
#2346=DIRECTION('',(0.,0.,-1.));
#2347=DIRECTION('',(0.,0.,1.));
#2348=DIRECTION('',(1.,0.,0.));
#2349=DIRECTION('',(-1.,0.,0.));
#2350=DIRECTION('',(0.,1.,0.));
#2351=DIRECTION('',(-1.,0.,0.));
#2352=DIRECTION('',(0.,0.,-1.));
#2353=DIRECTION('',(-1.,0.,0.));
#2354=DIRECTION('',(0.,-1.,0.));
#2355=DIRECTION('',(1.,0.,0.));
#2356=DIRECTION('',(-1.,0.,0.));
#2357=DIRECTION('',(0.,0.,1.));
#2358=DIRECTION('',(0.,-1.,0.));
#2359=DIRECTION('',(0.,0.,-1.));
#2360=DIRECTION('',(0.,0.,1.));
#2361=DIRECTION('',(1.,0.,0.));
#2362=DIRECTION('',(-1.,0.,0.));
#2363=DIRECTION('',(0.,1.,0.));
#2364=DIRECTION('',(-1.,0.,0.));
#2365=DIRECTION('',(0.,0.,1.));
#2366=DIRECTION('',(1.,0.,0.));
#2367=DIRECTION('',(0.,-1.,0.));
#2368=DIRECTION('',(-1.,0.,0.));
#2369=DIRECTION('',(1.,0.,0.));
#2370=DIRECTION('',(0.,0.,-1.));
#2371=DIRECTION('',(0.,0.,1.));
#2372=DIRECTION('',(0.,1.,0.));
#2373=DIRECTION('',(-1.,0.,0.));
#2374=CARTESIAN_POINT('',(0.,0.,0.));
#2375=CARTESIAN_POINT('',(0.00465223147481317,-0.013395,-0.00637873421155145));
#2376=CARTESIAN_POINT('',(0.00465223147481316,-0.013395,0.0230212657884486));
#2377=CARTESIAN_POINT('',(-0.0260026268548489,-0.013395,0.0230212657884486));
#2378=CARTESIAN_POINT('',(-0.0322477685251869,-0.013395,0.0230212657884486));
#2379=CARTESIAN_POINT('',(-0.0260026268548489,-0.013395,0.0230212657884486));
#2380=CARTESIAN_POINT('',(-0.0260026268548489,-0.013395,0.0245212657884485));
#2381=CARTESIAN_POINT('',(0.00465223147481316,-0.013395,0.0245212657884485));
#2382=CARTESIAN_POINT('',(-0.0337477685251868,-0.013395,0.0245212657884485));
#2383=CARTESIAN_POINT('',(-0.0337477685251868,-0.013395,-0.000278734211551448));
#2384=CARTESIAN_POINT('',(-0.0337477685251868,-0.013395,-0.0250787342115515));
#2385=CARTESIAN_POINT('',(-0.0229977685251869,-0.013395,-0.0311787342115514));
#2386=CARTESIAN_POINT('',(-0.0122477685251868,-0.013395,-0.0372787342115514));
#2387=CARTESIAN_POINT('',(0.0154022314748131,-0.013395,-0.0372787342115514));
#2388=CARTESIAN_POINT('',(0.0430522314748132,-0.013395,-0.0372787342115514));
#2389=CARTESIAN_POINT('',(0.0430522314748132,-0.013395,-0.00637873421155145));
#2390=CARTESIAN_POINT('',(0.0430522314748132,-0.013395,0.0245212657884485));
#2391=CARTESIAN_POINT('',(0.00465223147481316,-0.013395,0.0245212657884485));
#2392=CARTESIAN_POINT('',(-0.0140026268548488,-0.013395,0.0245212657884485));
#2393=CARTESIAN_POINT('',(-0.0140026268548488,-0.013395,0.0230212657884486));
#2394=CARTESIAN_POINT('',(-0.0140026268548488,-0.013395,0.0230212657884486));
#2395=CARTESIAN_POINT('',(0.00465223147481316,-0.013395,0.0230212657884486));
#2396=CARTESIAN_POINT('',(0.0415522314748131,-0.013395,0.0230212657884486));
#2397=CARTESIAN_POINT('',(0.0415522314748131,-0.013395,-0.00637873421155144));
#2398=CARTESIAN_POINT('',(0.0415522314748132,-0.013395,-0.0357787342115514));
#2399=CARTESIAN_POINT('',(0.0154022314748132,-0.013395,-0.0357787342115514));
#2400=CARTESIAN_POINT('',(-0.0107477685251868,-0.013395,-0.0357787342115514));
#2401=CARTESIAN_POINT('',(-0.0214977685251868,-0.013395,-0.0296787342115515));
#2402=CARTESIAN_POINT('',(-0.0322477685251869,-0.013395,-0.0235787342115515));
#2403=CARTESIAN_POINT('',(-0.0322477685251869,-0.013395,-0.000278734211551449));
#2404=CARTESIAN_POINT('',(0.00465223147481316,-0.013395,0.0245212657884485));
#2405=CARTESIAN_POINT('',(0.0386522314748131,-0.01102,0.0245212657884485));
#2406=CARTESIAN_POINT('',(0.0401022314748131,-0.01102,0.0245212657884485));
#2407=CARTESIAN_POINT('',(-0.0200026268548489,-0.0085055975644439,0.0245212657884485));
#2408=CARTESIAN_POINT('',(-0.0260026268548489,-0.0085055975644439,0.0245212657884485));
#2409=CARTESIAN_POINT('',(-0.0140026268548488,-0.0085055975644439,0.0245212657884485));
#2410=CARTESIAN_POINT('',(-0.0140026268548488,-0.0109502987822219,0.0245212657884485));
#2411=CARTESIAN_POINT('',(0.0430522314748132,-0.013395,0.0245212657884485));
#2412=CARTESIAN_POINT('',(0.0430522314748132,0.,0.0245212657884485));
#2413=CARTESIAN_POINT('',(0.00465223147481316,0.,0.0245212657884485));
#2414=CARTESIAN_POINT('',(-0.0337477685251868,0.,0.0245212657884485));
#2415=CARTESIAN_POINT('',(-0.0337477685251868,-0.013395,0.0245212657884485));
#2416=CARTESIAN_POINT('',(-0.0260026268548489,-0.0109502987822219,0.0245212657884485));
#2417=CARTESIAN_POINT('',(0.0368648543953895,-0.007,0.0113208265975118));
#2418=CARTESIAN_POINT('',(0.0368648543953895,-0.007,0.0113208265975118));
#2419=CARTESIAN_POINT('',(0.0368648543953895,-0.007,0.00747082659751176));
#2420=CARTESIAN_POINT('',(0.0368648543953895,-0.003,0.0113208265975118));
#2421=CARTESIAN_POINT('',(0.0368648543953895,-0.003,0.00747082659751176));
#2422=CARTESIAN_POINT('',(0.00465223147481317,-0.007,-0.00637873421155145));
#2423=CARTESIAN_POINT('',(0.036878861214367,-0.007,0.0113107709477096));
#2424=CARTESIAN_POINT('',(0.036878861214367,-0.007,0.0089607709477096));
#2425=CARTESIAN_POINT('',(0.00465223147481316,-0.013395,0.0230212657884486));
#2426=CARTESIAN_POINT('',(0.0386522314748131,-0.01102,0.0230212657884486));
#2427=CARTESIAN_POINT('',(0.0372022314748131,-0.01102,0.0230212657884486));
#2428=CARTESIAN_POINT('',(-0.0140026268548488,-0.0109502987822219,0.0230212657884486));
#2429=CARTESIAN_POINT('',(-0.0140026268548488,-0.0085055975644439,0.0230212657884486));
#2430=CARTESIAN_POINT('',(-0.0200026268548489,-0.0085055975644439,0.0230212657884486));
#2431=CARTESIAN_POINT('',(-0.0260026268548489,-0.0085055975644439,0.0230212657884486));
#2432=CARTESIAN_POINT('',(-0.0260026268548489,-0.0109502987822219,0.0230212657884486));
#2433=CARTESIAN_POINT('',(-0.0322477685251869,-0.013395,0.0230212657884486));
#2434=CARTESIAN_POINT('',(-0.0322477685251869,-0.003,0.0230212657884486));
#2435=CARTESIAN_POINT('',(0.00465223147481316,-0.003,0.0230212657884486));
#2436=CARTESIAN_POINT('',(0.0415522314748131,-0.003,0.0230212657884486));
#2437=CARTESIAN_POINT('',(0.0415522314748131,-0.013395,0.0230212657884486));
#2438=CARTESIAN_POINT('',(0.0415522314748131,-0.013395,-0.00637873421155144));
#2439=CARTESIAN_POINT('',(0.0415522314748131,-0.003,-0.00637873421155144));
#2440=CARTESIAN_POINT('',(0.0415522314748132,-0.003,-0.0357787342115514));
#2441=CARTESIAN_POINT('',(0.0415522314748132,-0.013395,-0.0357787342115514));
#2442=CARTESIAN_POINT('',(0.0154022314748132,-0.013395,-0.0357787342115514));
#2443=CARTESIAN_POINT('',(0.0305601172149182,-0.01102,-0.0357787342115514));
#2444=CARTESIAN_POINT('',(0.0320101172149182,-0.01102,-0.0357787342115514));
#2445=CARTESIAN_POINT('',(0.0154022314748132,-0.003,-0.0357787342115514));
#2446=CARTESIAN_POINT('',(-0.0107477685251868,-0.003,-0.0357787342115514));
#2447=CARTESIAN_POINT('',(-0.0107477685251868,-0.013395,-0.0357787342115514));
#2448=CARTESIAN_POINT('',(-0.0322477685251869,-0.013395,-0.000278734211551449));
#2449=CARTESIAN_POINT('',(-0.0322477685251869,-0.010966707020998,-0.00920090824365616));
#2450=CARTESIAN_POINT('',(-0.0322477685251869,-0.010966707020998,-0.0106509082436562));
#2451=CARTESIAN_POINT('',(-0.0322477685251869,-0.003,-0.000278734211551446));
#2452=CARTESIAN_POINT('',(-0.0322477685251869,-0.003,-0.0235787342115515));
#2453=CARTESIAN_POINT('',(-0.0322477685251869,-0.013395,-0.0235787342115515));
#2454=CARTESIAN_POINT('',(-0.0337477685251868,-0.013395,-0.000278734211551448));
#2455=CARTESIAN_POINT('',(-0.0337477685251868,-0.010966707020998,-0.00920090824365616));
#2456=CARTESIAN_POINT('',(-0.0337477685251868,-0.010966707020998,-0.00775090824365616));
#2457=CARTESIAN_POINT('',(-0.0337477685251868,0.,-0.000278734211551448));
#2458=CARTESIAN_POINT('',(-0.0337477685251868,0.,-0.0250787342115515));
#2459=CARTESIAN_POINT('',(-0.0337477685251868,-0.013395,-0.0250787342115515));
#2460=CARTESIAN_POINT('',(-0.0229977685251869,-0.013395,-0.0311787342115514));
#2461=CARTESIAN_POINT('',(-0.0229977685251869,0.,-0.0311787342115514));
#2462=CARTESIAN_POINT('',(-0.0122477685251868,0.,-0.0372787342115514));
#2463=CARTESIAN_POINT('',(-0.0122477685251868,-0.013395,-0.0372787342115514));
#2464=CARTESIAN_POINT('',(0.0154022314748131,-0.013395,-0.0372787342115514));
#2465=CARTESIAN_POINT('',(0.0305601172149182,-0.01102,-0.0372787342115514));
#2466=CARTESIAN_POINT('',(0.0291101172149182,-0.01102,-0.0372787342115514));
#2467=CARTESIAN_POINT('',(0.0154022314748131,0.,-0.0372787342115514));
#2468=CARTESIAN_POINT('',(0.0430522314748132,0.,-0.0372787342115514));
#2469=CARTESIAN_POINT('',(0.0430522314748132,-0.013395,-0.0372787342115514));
#2470=CARTESIAN_POINT('',(0.0430522314748132,-0.013395,-0.00637873421155145));
#2471=CARTESIAN_POINT('',(0.0430522314748132,0.,-0.00637873421155145));
#2472=CARTESIAN_POINT('',(-0.0214977685251868,-0.013395,-0.0296787342115515));
#2473=CARTESIAN_POINT('',(-0.0214977685251868,-0.003,-0.0296787342115515));
#2474=CARTESIAN_POINT('',(0.00465223147481317,0.,-0.00637873421155145));
#2475=CARTESIAN_POINT('',(0.00465223147481317,-0.003,-0.00637873421155145));
#2476=CARTESIAN_POINT('',(-0.0131613714620471,-0.003,-0.0296700783073902));
#2477=CARTESIAN_POINT('',(-0.0131613714620471,-0.003,-0.0335200783073902));
#2478=CARTESIAN_POINT('',(-0.0140026268548488,-0.0109502987822219,0.0230212657884486));
#2479=CARTESIAN_POINT('',(-0.0140026268548488,-0.0085055975644439,0.0230212657884486));
#2480=CARTESIAN_POINT('',(-0.0200026268548489,-0.0085055975644439,0.0230212657884486));
#2481=CARTESIAN_POINT('',(-0.0260026268548489,-0.0085055975644439,0.0230212657884486));
#2482=CARTESIAN_POINT('',(-0.0260026268548489,-0.0109502987822219,0.0230212657884486));
#2483=CARTESIAN_POINT('',(0.0305601172149182,-0.01102,-0.0318787342115514));
#2484=CARTESIAN_POINT('',(-0.0283477685251868,-0.010966707020998,-0.00920090824365616));
#2485=CARTESIAN_POINT('',(0.0386522314748131,-0.01102,0.0191212657884486));
#2486=CARTESIAN_POINT('',(-0.0131613714620471,-0.007,-0.0296700783073902));
#2487=CARTESIAN_POINT('',(-0.0131613714620471,-0.007,-0.0296700783073902));
#2488=CARTESIAN_POINT('',(-0.0131613714620471,-0.007,-0.0335200783073902));
#2489=CARTESIAN_POINT('',(0.00465223147481317,-0.007,-0.00637873421155145));
#2490=CARTESIAN_POINT('',(-0.0131613714620471,-0.007,-0.0296700783073902));
#2491=CARTESIAN_POINT('',(-0.0131613714620471,-0.007,-0.0320200783073902));
#2492=CARTESIAN_POINT('',(-0.0131613714620471,-0.003,-0.0296700783073902));
#2493=CARTESIAN_POINT('',(-0.0131613714620471,-0.003,-0.0296700783073902));
#2494=CARTESIAN_POINT('',(-0.0131613714620471,-0.003,-0.0320200783073902));
#2495=CARTESIAN_POINT('',(-0.0131613714620471,-0.003,-0.0296700783073902));
#2496=CARTESIAN_POINT('',(0.036878861214367,-0.003,0.0113107709477096));
#2497=CARTESIAN_POINT('',(0.036878861214367,-0.003,0.0113107709477096));
#2498=CARTESIAN_POINT('',(0.036878861214367,-0.003,0.0089607709477096));
#2499=CARTESIAN_POINT('',(0.0368648543953895,-0.003,0.0113208265975118));
#2500=CARTESIAN_POINT('',(0.,0.,0.));
#2501=CARTESIAN_POINT('',(0.00465223147481316,-0.011895,-0.00637873421155145));
#2502=CARTESIAN_POINT('',(0.00465223147481316,-0.011895,0.0105513381801402));
#2503=CARTESIAN_POINT('',(0.00175886121436694,-0.011895,0.0105513381801402));
#2504=CARTESIAN_POINT('',(0.0241388612143669,-0.011895,0.0105513381801402));
#2505=CARTESIAN_POINT('',(0.0241388612143669,-0.011895,0.0133507709477096));
#2506=CARTESIAN_POINT('',(0.0241388612143669,-0.011895,0.0161407709477096));
#2507=CARTESIAN_POINT('',(0.0129488612143669,-0.011895,0.0161407709477096));
#2508=CARTESIAN_POINT('',(0.00175886121436694,-0.011895,0.0161407709477096));
#2509=CARTESIAN_POINT('',(0.00175886121436694,-0.011895,0.0133507709477096));
#2510=CARTESIAN_POINT('',(0.00465223147481316,-0.011895,0.000900770947709607));
#2511=CARTESIAN_POINT('',(-0.00670113878563304,-0.011895,0.00090077094770961));
#2512=CARTESIAN_POINT('',(0.00729886121436696,-0.011895,0.000900770947709606));
#2513=CARTESIAN_POINT('',(-0.00670113878563305,-0.011895,-0.00637873421155144));
#2514=CARTESIAN_POINT('',(-0.00670113878563305,-0.011895,-0.0130992290522904));
#2515=CARTESIAN_POINT('',(0.00465223147481316,-0.011895,-0.0130992290522904));
#2516=CARTESIAN_POINT('',(0.00729886121436695,-0.011895,-0.0130992290522904));
#2517=CARTESIAN_POINT('',(0.00729886121436695,-0.011895,-0.00637873421155145));
#2518=CARTESIAN_POINT('',(0.00465223147481316,-0.011895,-0.0141892290522904));
#2519=CARTESIAN_POINT('',(0.0234788612143669,-0.011895,-0.0141892290522904));
#2520=CARTESIAN_POINT('',(0.037478861214367,-0.011895,-0.0141892290522904));
#2521=CARTESIAN_POINT('',(0.0234788612143669,-0.011895,-0.00637873421155146));
#2522=CARTESIAN_POINT('',(0.0234788612143669,-0.011895,-0.0281892290522904));
#2523=CARTESIAN_POINT('',(0.00465223147481316,-0.011895,-0.0281892290522904));
#2524=CARTESIAN_POINT('',(0.037478861214367,-0.011895,-0.0281892290522904));
#2525=CARTESIAN_POINT('',(0.037478861214367,-0.011895,-0.00637873421155145));
#2526=CARTESIAN_POINT('',(0.00465223147481316,-0.011895,0.000900770947709613));
#2527=CARTESIAN_POINT('',(0.00838886121436695,-0.011895,0.000900770947709612));
#2528=CARTESIAN_POINT('',(0.0223888612143669,-0.011895,0.000900770947709608));
#2529=CARTESIAN_POINT('',(0.00838886121436695,-0.011895,-0.00637873421155145));
#2530=CARTESIAN_POINT('',(0.00838886121436694,-0.011895,-0.0130992290522904));
#2531=CARTESIAN_POINT('',(0.00465223147481316,-0.011895,-0.0130992290522904));
#2532=CARTESIAN_POINT('',(0.0223888612143669,-0.011895,-0.0130992290522904));
#2533=CARTESIAN_POINT('',(0.0223888612143669,-0.011895,-0.00637873421155146));
#2534=CARTESIAN_POINT('',(0.00465223147481316,-0.011895,-0.0141892290522904));
#2535=CARTESIAN_POINT('',(0.00838886121436695,-0.011895,-0.0141892290522904));
#2536=CARTESIAN_POINT('',(0.0223888612143669,-0.011895,-0.0141892290522904));
#2537=CARTESIAN_POINT('',(0.00838886121436695,-0.011895,-0.00637873421155145));
#2538=CARTESIAN_POINT('',(0.00838886121436694,-0.011895,-0.0281892290522904));
#2539=CARTESIAN_POINT('',(0.00465223147481316,-0.011895,-0.0281892290522904));
#2540=CARTESIAN_POINT('',(0.0223888612143669,-0.011895,-0.0281892290522904));
#2541=CARTESIAN_POINT('',(0.0223888612143669,-0.011895,-0.00637873421155145));
#2542=CARTESIAN_POINT('',(0.00465223147481316,-0.011895,-0.0141892290522904));
#2543=CARTESIAN_POINT('',(-0.00670113878563305,-0.011895,-0.0141892290522904));
#2544=CARTESIAN_POINT('',(0.00729886121436696,-0.011895,-0.0141892290522904));
#2545=CARTESIAN_POINT('',(-0.00670113878563304,-0.011895,-0.00637873421155144));
#2546=CARTESIAN_POINT('',(-0.00670113878563305,-0.011895,-0.0281892290522904));
#2547=CARTESIAN_POINT('',(0.00465223147481316,-0.011895,-0.0281892290522904));
#2548=CARTESIAN_POINT('',(0.00729886121436695,-0.011895,-0.0281892290522904));
#2549=CARTESIAN_POINT('',(0.00729886121436696,-0.011895,-0.00637873421155145));
#2550=CARTESIAN_POINT('',(0.00465223147481316,-0.011895,0.000900770947709614));
#2551=CARTESIAN_POINT('',(0.0234788612143669,-0.011895,0.00090077094770961));
#2552=CARTESIAN_POINT('',(0.037478861214367,-0.011895,0.000900770947709606));
#2553=CARTESIAN_POINT('',(0.0234788612143669,-0.011895,-0.00637873421155146));
#2554=CARTESIAN_POINT('',(0.0234788612143669,-0.011895,-0.0130992290522904));
#2555=CARTESIAN_POINT('',(0.00465223147481316,-0.011895,-0.0130992290522904));
#2556=CARTESIAN_POINT('',(0.037478861214367,-0.011895,-0.0130992290522904));
#2557=CARTESIAN_POINT('',(0.037478861214367,-0.011895,-0.00637873421155146));
#2558=CARTESIAN_POINT('',(0.00465223147481316,-0.011895,-0.00318922905229039));
#2559=CARTESIAN_POINT('',(-0.024121138785633,-0.011895,-0.00318922905229038));
#2560=CARTESIAN_POINT('',(-0.0121211387856331,-0.011895,-0.00318922905229039));
#2561=CARTESIAN_POINT('',(-0.024121138785633,-0.011895,-0.00637873421155144));
#2562=CARTESIAN_POINT('',(-0.024121138785633,-0.011895,-0.0151892290522904));
#2563=CARTESIAN_POINT('',(0.00465223147481316,-0.011895,-0.0151892290522904));
#2564=CARTESIAN_POINT('',(-0.0121211387856331,-0.011895,-0.0151892290522904));
#2565=CARTESIAN_POINT('',(-0.0121211387856331,-0.011895,-0.00637873421155144));
#2566=CARTESIAN_POINT('',(-0.0293477685251868,-0.011895,-0.0124621912837028));
#2567=CARTESIAN_POINT('',(-0.0264477685251868,-0.011895,-0.0124621912837028));
#2568=CARTESIAN_POINT('',(-0.0322477685251869,-0.011895,-0.0124621912837028));
#2569=CARTESIAN_POINT('',(-0.0264477685251868,-0.011895,-0.00916219128370285));
#2570=CARTESIAN_POINT('',(-0.0264477685251868,-0.011895,-0.00586219128370285));
#2571=CARTESIAN_POINT('',(-0.0293477685251868,-0.011895,-0.00586219128370285));
#2572=CARTESIAN_POINT('',(-0.0322477685251869,-0.011895,-0.00586219128370285));
#2573=CARTESIAN_POINT('',(-0.0322477685251869,-0.011895,-0.000278734211551449));
#2574=CARTESIAN_POINT('',(-0.0322477685251869,-0.011895,-0.0014040160458535));
#2575=CARTESIAN_POINT('',(-0.0211368458327669,-0.011895,-0.0014040160458535));
#2576=CARTESIAN_POINT('',(-0.010025923140347,-0.011895,-0.0014040160458535));
#2577=CARTESIAN_POINT('',(-0.010025923140347,-0.011895,0.0108086248712975));
#2578=CARTESIAN_POINT('',(-0.010025923140347,-0.011895,0.0230212657884486));
#2579=CARTESIAN_POINT('',(0.00465223147481316,-0.011895,0.0230212657884486));
#2580=CARTESIAN_POINT('',(0.0357522314748131,-0.011895,0.0230212657884486));
#2581=CARTESIAN_POINT('',(0.0357522314748131,-0.011895,0.0197212657884486));
#2582=CARTESIAN_POINT('',(0.0357522314748131,-0.011895,0.0164212657884486));
#2583=CARTESIAN_POINT('',(0.0386522314748131,-0.011895,0.0164212657884486));
#2584=CARTESIAN_POINT('',(0.0415522314748131,-0.011895,0.0164212657884486));
#2585=CARTESIAN_POINT('',(0.0415522314748131,-0.011895,-0.00637873421155144));
#2586=CARTESIAN_POINT('',(0.0415522314748132,-0.011895,-0.0357787342115514));
#2587=CARTESIAN_POINT('',(0.0154022314748132,-0.011895,-0.0357787342115514));
#2588=CARTESIAN_POINT('',(0.0333101153373718,-0.011895,-0.0357787342115514));
#2589=CARTESIAN_POINT('',(0.0333101153373718,-0.011895,-0.0328787342115514));
#2590=CARTESIAN_POINT('',(0.0333101153373718,-0.011895,-0.0299787342115514));
#2591=CARTESIAN_POINT('',(0.0305601172149182,-0.011895,-0.0299787342115514));
#2592=CARTESIAN_POINT('',(0.0278101190924645,-0.011895,-0.0299787342115514));
#2593=CARTESIAN_POINT('',(0.0278101190924645,-0.011895,-0.0328787342115514));
#2594=CARTESIAN_POINT('',(0.0278101190924645,-0.011895,-0.0357787342115514));
#2595=CARTESIAN_POINT('',(0.0154022314748132,-0.011895,-0.0357787342115514));
#2596=CARTESIAN_POINT('',(-0.00935350067743818,-0.011895,-0.0357787342115514));
#2597=CARTESIAN_POINT('',(-0.00935350067743818,-0.011895,-0.0261053326890524));
#2598=CARTESIAN_POINT('',(-0.00935350067743818,-0.011895,-0.0164319311665534));
#2599=CARTESIAN_POINT('',(-0.0208006346013125,-0.011895,-0.0164319311665534));
#2600=CARTESIAN_POINT('',(-0.0322477685251869,-0.011895,-0.0164319311665534));
#2601=CARTESIAN_POINT('',(-0.0322477685251869,-0.011895,-0.000278734211551449));
#2602=CARTESIAN_POINT('',(0.00465223147481316,-0.013395,-0.00637873421155145));
#2603=CARTESIAN_POINT('',(0.00465223147481316,-0.013395,0.0085607709477096));
#2604=CARTESIAN_POINT('',(0.00175886121436694,-0.013395,0.0085607709477096));
#2605=CARTESIAN_POINT('',(0.0241388612143669,-0.013395,0.00856077094770961));
#2606=CARTESIAN_POINT('',(0.00175886121436694,-0.013395,0.0133507709477096));
#2607=CARTESIAN_POINT('',(0.00175886121436694,-0.013395,0.0161407709477096));
#2608=CARTESIAN_POINT('',(0.0129488612143669,-0.013395,0.0161407709477096));
#2609=CARTESIAN_POINT('',(0.0241388612143669,-0.013395,0.0161407709477096));
#2610=CARTESIAN_POINT('',(0.0241388612143669,-0.013395,0.0133507709477096));
#2611=CARTESIAN_POINT('',(-0.00670113878563305,-0.013395,-0.00609922905229039));
#2612=CARTESIAN_POINT('',(-0.00670113878563304,-0.013395,0.00090077094770961));
#2613=CARTESIAN_POINT('',(-0.00670113878563305,-0.013395,-0.0130992290522904));
#2614=CARTESIAN_POINT('',(0.000298861214366956,-0.013395,0.000900770947709608));
#2615=CARTESIAN_POINT('',(0.00729886121436696,-0.013395,0.000900770947709606));
#2616=CARTESIAN_POINT('',(0.00729886121436695,-0.013395,-0.00609922905229039));
#2617=CARTESIAN_POINT('',(0.00729886121436695,-0.013395,-0.0130992290522904));
#2618=CARTESIAN_POINT('',(0.00029886121436695,-0.013395,-0.0130992290522904));
#2619=CARTESIAN_POINT('',(0.0234788612143669,-0.013395,-0.00609922905229039));
#2620=CARTESIAN_POINT('',(0.0234788612143669,-0.013395,0.00090077094770961));
#2621=CARTESIAN_POINT('',(0.0234788612143669,-0.013395,-0.0130992290522904));
#2622=CARTESIAN_POINT('',(0.0304788612143669,-0.013395,0.000900770947709608));
#2623=CARTESIAN_POINT('',(0.037478861214367,-0.013395,0.000900770947709606));
#2624=CARTESIAN_POINT('',(0.037478861214367,-0.013395,-0.0060992290522904));
#2625=CARTESIAN_POINT('',(0.037478861214367,-0.013395,-0.0130992290522904));
#2626=CARTESIAN_POINT('',(0.0304788612143669,-0.013395,-0.0130992290522904));
#2627=CARTESIAN_POINT('',(0.0234788612143669,-0.013395,-0.0211892290522904));
#2628=CARTESIAN_POINT('',(0.0234788612143669,-0.013395,-0.0141892290522904));
#2629=CARTESIAN_POINT('',(0.0234788612143669,-0.013395,-0.0281892290522904));
#2630=CARTESIAN_POINT('',(0.0304788612143669,-0.013395,-0.0141892290522904));
#2631=CARTESIAN_POINT('',(0.037478861214367,-0.013395,-0.0141892290522904));
#2632=CARTESIAN_POINT('',(0.037478861214367,-0.013395,-0.0211892290522904));
#2633=CARTESIAN_POINT('',(0.037478861214367,-0.013395,-0.0281892290522904));
#2634=CARTESIAN_POINT('',(0.0304788612143669,-0.013395,-0.0281892290522904));
#2635=CARTESIAN_POINT('',(-0.00670113878563305,-0.013395,-0.0211892290522904));
#2636=CARTESIAN_POINT('',(-0.00670113878563305,-0.013395,-0.0141892290522904));
#2637=CARTESIAN_POINT('',(-0.00670113878563305,-0.013395,-0.0281892290522904));
#2638=CARTESIAN_POINT('',(0.000298861214366955,-0.013395,-0.0141892290522904));
#2639=CARTESIAN_POINT('',(0.00729886121436696,-0.013395,-0.0141892290522904));
#2640=CARTESIAN_POINT('',(0.00729886121436695,-0.013395,-0.0211892290522904));
#2641=CARTESIAN_POINT('',(0.00729886121436695,-0.013395,-0.0281892290522904));
#2642=CARTESIAN_POINT('',(0.000298861214366949,-0.013395,-0.0281892290522904));
#2643=CARTESIAN_POINT('',(0.00838886121436695,-0.013395,-0.00609922905229039));
#2644=CARTESIAN_POINT('',(0.00838886121436695,-0.013395,0.000900770947709612));
#2645=CARTESIAN_POINT('',(0.00838886121436694,-0.013395,-0.0130992290522904));
#2646=CARTESIAN_POINT('',(0.0153888612143669,-0.013395,0.00090077094770961));
#2647=CARTESIAN_POINT('',(0.0223888612143669,-0.013395,0.000900770947709608));
#2648=CARTESIAN_POINT('',(0.0223888612143669,-0.013395,-0.00609922905229039));
#2649=CARTESIAN_POINT('',(0.0223888612143669,-0.013395,-0.0130992290522904));
#2650=CARTESIAN_POINT('',(0.0153888612143669,-0.013395,-0.0130992290522904));
#2651=CARTESIAN_POINT('',(0.00838886121436695,-0.013395,-0.0211892290522904));
#2652=CARTESIAN_POINT('',(0.00838886121436695,-0.013395,-0.0141892290522904));
#2653=CARTESIAN_POINT('',(0.00838886121436694,-0.013395,-0.0281892290522904));
#2654=CARTESIAN_POINT('',(0.0153888612143669,-0.013395,-0.0141892290522904));
#2655=CARTESIAN_POINT('',(0.0223888612143669,-0.013395,-0.0141892290522904));
#2656=CARTESIAN_POINT('',(0.0223888612143669,-0.013395,-0.0211892290522904));
#2657=CARTESIAN_POINT('',(0.0223888612143669,-0.013395,-0.0281892290522904));
#2658=CARTESIAN_POINT('',(0.0153888612143669,-0.013395,-0.0281892290522904));
#2659=CARTESIAN_POINT('',(-0.0211368458327669,-0.013395,-0.0014040160458535));
#2660=CARTESIAN_POINT('',(-0.0322477685251869,-0.013395,-0.0014040160458535));
#2661=CARTESIAN_POINT('',(-0.010025923140347,-0.013395,-0.0014040160458535));
#2662=CARTESIAN_POINT('',(-0.0322477685251869,-0.013395,-0.000278734211551449));
#2663=CARTESIAN_POINT('',(-0.0322477685251869,-0.013395,-0.0164319311665534));
#2664=CARTESIAN_POINT('',(-0.0208006346013125,-0.013395,-0.0164319311665534));
#2665=CARTESIAN_POINT('',(-0.00935350067743818,-0.013395,-0.0164319311665534));
#2666=CARTESIAN_POINT('',(-0.00935350067743818,-0.013395,-0.0261053326890524));
#2667=CARTESIAN_POINT('',(-0.00935350067743818,-0.013395,-0.0357787342115514));
#2668=CARTESIAN_POINT('',(0.0154022314748132,-0.013395,-0.0357787342115514));
#2669=CARTESIAN_POINT('',(0.0415522314748132,-0.013395,-0.0357787342115514));
#2670=CARTESIAN_POINT('',(0.0415522314748131,-0.013395,-0.00637873421155144));
#2671=CARTESIAN_POINT('',(0.0415522314748131,-0.013395,0.0230212657884486));
#2672=CARTESIAN_POINT('',(0.00465223147481316,-0.013395,0.0230212657884486));
#2673=CARTESIAN_POINT('',(-0.010025923140347,-0.013395,0.0230212657884486));
#2674=CARTESIAN_POINT('',(-0.010025923140347,-0.013395,0.0108086248712975));
#2675=CARTESIAN_POINT('',(-0.024121138785633,-0.013395,-0.00918922905229039));
#2676=CARTESIAN_POINT('',(-0.024121138785633,-0.013395,-0.00318922905229038));
#2677=CARTESIAN_POINT('',(-0.024121138785633,-0.013395,-0.0151892290522904));
#2678=CARTESIAN_POINT('',(-0.0181211387856331,-0.013395,-0.00318922905229038));
#2679=CARTESIAN_POINT('',(-0.0121211387856331,-0.013395,-0.00318922905229039));
#2680=CARTESIAN_POINT('',(-0.0121211387856331,-0.013395,-0.00918922905229039));
#2681=CARTESIAN_POINT('',(-0.0121211387856331,-0.013395,-0.0151892290522904));
#2682=CARTESIAN_POINT('',(-0.0181211387856331,-0.013395,-0.0151892290522904));
#2683=CARTESIAN_POINT('',(-0.0211368458327669,-0.011895,-0.0014040160458535));
#2684=CARTESIAN_POINT('',(-0.010025923140347,-0.011895,-0.0014040160458535));
#2685=CARTESIAN_POINT('',(-0.0322477685251869,-0.011895,-0.0014040160458535));
#2686=CARTESIAN_POINT('',(-0.0322477685251869,-0.011895,-0.000278734211551449));
#2687=CARTESIAN_POINT('',(-0.0322477685251869,-0.008645,-0.0124621912837028));
#2688=CARTESIAN_POINT('',(-0.0322477685251869,-0.008645,-0.0124621912837028));
#2689=CARTESIAN_POINT('',(-0.0322477685251869,-0.011895,-0.0164319311665534));
#2690=CARTESIAN_POINT('',(-0.0322477685251869,-0.008645,-0.00586219128370285));
#2691=CARTESIAN_POINT('',(-0.0322477685251869,-0.008645,-0.00586219128370285));
#2692=CARTESIAN_POINT('',(-0.0322477685251869,-0.008645,-0.000278734211551449));
#2693=CARTESIAN_POINT('',(-0.0322477685251869,-0.010966707020998,-0.00920090824365616));
#2694=CARTESIAN_POINT('',(-0.0322477685251869,-0.010966707020998,-0.00775090824365616));
#2695=CARTESIAN_POINT('',(-0.0208006346013125,-0.011895,-0.0164319311665534));
#2696=CARTESIAN_POINT('',(-0.00935350067743818,-0.011895,-0.0164319311665534));
#2697=CARTESIAN_POINT('',(-0.00935350067743818,-0.011895,-0.0261053326890524));
#2698=CARTESIAN_POINT('',(-0.00935350067743818,-0.011895,-0.0357787342115514));
#2699=CARTESIAN_POINT('',(0.0154022314748132,-0.011895,-0.0357787342115514));
#2700=CARTESIAN_POINT('',(0.0333101153373718,-0.008645,-0.0357787342115514));
#2701=CARTESIAN_POINT('',(0.0333101153373718,-0.008645,-0.0357787342115514));
#2702=CARTESIAN_POINT('',(0.0415522314748132,-0.011895,-0.0357787342115514));
#2703=CARTESIAN_POINT('',(0.0278101190924645,-0.008645,-0.0357787342115514));
#2704=CARTESIAN_POINT('',(0.0278101190924645,-0.008645,-0.0357787342115514));
#2705=CARTESIAN_POINT('',(0.0154022314748132,-0.008645,-0.0357787342115514));
#2706=CARTESIAN_POINT('',(0.0305601172149182,-0.01102,-0.0357787342115514));
#2707=CARTESIAN_POINT('',(0.0291101172149182,-0.01102,-0.0357787342115514));
#2708=CARTESIAN_POINT('',(0.0415522314748131,-0.011895,-0.00637873421155144));
#2709=CARTESIAN_POINT('',(0.0415522314748131,-0.008645,0.0164212657884486));
#2710=CARTESIAN_POINT('',(0.0415522314748131,-0.008645,0.0164212657884486));
#2711=CARTESIAN_POINT('',(0.0415522314748131,-0.008645,-0.00637873421155144));
#2712=CARTESIAN_POINT('',(0.0415522314748131,-0.008645,0.0230212657884486));
#2713=CARTESIAN_POINT('',(0.0415522314748131,-0.011895,0.0230212657884486));
#2714=CARTESIAN_POINT('',(0.00465223147481316,-0.011895,0.0230212657884486));
#2715=CARTESIAN_POINT('',(0.0386522314748131,-0.01102,0.0230212657884486));
#2716=CARTESIAN_POINT('',(0.0401022314748131,-0.01102,0.0230212657884486));
#2717=CARTESIAN_POINT('',(0.00465223147481316,-0.008645,0.0230212657884486));
#2718=CARTESIAN_POINT('',(0.0357522314748131,-0.008645,0.0230212657884486));
#2719=CARTESIAN_POINT('',(0.0357522314748131,-0.008645,0.0230212657884486));
#2720=CARTESIAN_POINT('',(-0.010025923140347,-0.011895,0.0230212657884486));
#2721=CARTESIAN_POINT('',(-0.010025923140347,-0.011895,0.0108086248712975));
#2722=CARTESIAN_POINT('',(0.0153888612143669,0.011605,-0.0141892290522904));
#2723=CARTESIAN_POINT('',(0.0223888612143669,0.011605,-0.0141892290522904));
#2724=CARTESIAN_POINT('',(0.00838886121436695,0.011605,-0.0141892290522904));
#2725=CARTESIAN_POINT('',(0.00838886121436695,0.011605,-0.0211892290522904));
#2726=CARTESIAN_POINT('',(0.00838886121436694,0.011605,-0.0281892290522904));
#2727=CARTESIAN_POINT('',(0.0153888612143669,0.011605,-0.0281892290522904));
#2728=CARTESIAN_POINT('',(0.0223888612143669,0.011605,-0.0281892290522904));
#2729=CARTESIAN_POINT('',(0.0223888612143669,0.011605,-0.0211892290522904));
#2730=CARTESIAN_POINT('',(0.0153888612143669,0.011605,0.00090077094770961));
#2731=CARTESIAN_POINT('',(0.0223888612143669,0.011605,0.000900770947709608));
#2732=CARTESIAN_POINT('',(0.00838886121436695,0.011605,0.000900770947709612));
#2733=CARTESIAN_POINT('',(0.00838886121436695,0.011605,-0.00609922905229039));
#2734=CARTESIAN_POINT('',(0.00838886121436694,0.011605,-0.0130992290522904));
#2735=CARTESIAN_POINT('',(0.0153888612143669,0.011605,-0.0130992290522904));
#2736=CARTESIAN_POINT('',(0.0223888612143669,0.011605,-0.0130992290522904));
#2737=CARTESIAN_POINT('',(0.0223888612143669,0.011605,-0.00609922905229039));
#2738=CARTESIAN_POINT('',(0.000298861214366955,0.011605,-0.0141892290522904));
#2739=CARTESIAN_POINT('',(0.00729886121436696,0.011605,-0.0141892290522904));
#2740=CARTESIAN_POINT('',(-0.00670113878563305,0.011605,-0.0141892290522904));
#2741=CARTESIAN_POINT('',(-0.00670113878563305,0.011605,-0.0211892290522904));
#2742=CARTESIAN_POINT('',(-0.00670113878563305,0.011605,-0.0281892290522904));
#2743=CARTESIAN_POINT('',(0.000298861214366949,0.011605,-0.0281892290522904));
#2744=CARTESIAN_POINT('',(0.00729886121436695,0.011605,-0.0281892290522904));
#2745=CARTESIAN_POINT('',(0.00729886121436695,0.011605,-0.0211892290522904));
#2746=CARTESIAN_POINT('',(0.0304788612143669,0.011605,-0.0141892290522904));
#2747=CARTESIAN_POINT('',(0.037478861214367,0.011605,-0.0141892290522904));
#2748=CARTESIAN_POINT('',(0.0234788612143669,0.011605,-0.0141892290522904));
#2749=CARTESIAN_POINT('',(0.0234788612143669,0.011605,-0.0211892290522904));
#2750=CARTESIAN_POINT('',(0.0234788612143669,0.011605,-0.0281892290522904));
#2751=CARTESIAN_POINT('',(0.0304788612143669,0.011605,-0.0281892290522904));
#2752=CARTESIAN_POINT('',(0.037478861214367,0.011605,-0.0281892290522904));
#2753=CARTESIAN_POINT('',(0.037478861214367,0.011605,-0.0211892290522904));
#2754=CARTESIAN_POINT('',(0.0304788612143669,0.011605,0.000900770947709608));
#2755=CARTESIAN_POINT('',(0.037478861214367,0.011605,0.000900770947709606));
#2756=CARTESIAN_POINT('',(0.0234788612143669,0.011605,0.00090077094770961));
#2757=CARTESIAN_POINT('',(0.0234788612143669,0.011605,-0.00609922905229039));
#2758=CARTESIAN_POINT('',(0.0234788612143669,0.011605,-0.0130992290522904));
#2759=CARTESIAN_POINT('',(0.0304788612143669,0.011605,-0.0130992290522904));
#2760=CARTESIAN_POINT('',(0.037478861214367,0.011605,-0.0130992290522904));
#2761=CARTESIAN_POINT('',(0.037478861214367,0.011605,-0.0060992290522904));
#2762=CARTESIAN_POINT('',(0.000298861214366956,0.011605,0.000900770947709608));
#2763=CARTESIAN_POINT('',(0.00729886121436696,0.011605,0.000900770947709606));
#2764=CARTESIAN_POINT('',(-0.00670113878563304,0.011605,0.00090077094770961));
#2765=CARTESIAN_POINT('',(-0.00670113878563305,0.011605,-0.00609922905229039));
#2766=CARTESIAN_POINT('',(-0.00670113878563305,0.011605,-0.0130992290522904));
#2767=CARTESIAN_POINT('',(0.00029886121436695,0.011605,-0.0130992290522904));
#2768=CARTESIAN_POINT('',(0.00729886121436695,0.011605,-0.0130992290522904));
#2769=CARTESIAN_POINT('',(0.00729886121436695,0.011605,-0.00609922905229039));
#2770=CARTESIAN_POINT('',(-0.0181211387856331,0.011605,-0.00318922905229038));
#2771=CARTESIAN_POINT('',(-0.0121211387856331,0.011605,-0.00318922905229039));
#2772=CARTESIAN_POINT('',(-0.024121138785633,0.011605,-0.00318922905229038));
#2773=CARTESIAN_POINT('',(-0.024121138785633,0.011605,-0.00918922905229039));
#2774=CARTESIAN_POINT('',(-0.024121138785633,0.011605,-0.0151892290522904));
#2775=CARTESIAN_POINT('',(-0.0181211387856331,0.011605,-0.0151892290522904));
#2776=CARTESIAN_POINT('',(-0.0121211387856331,0.011605,-0.0151892290522904));
#2777=CARTESIAN_POINT('',(-0.0121211387856331,0.011605,-0.00918922905229039));
#2778=CARTESIAN_POINT('',(0.00175886121436694,-0.013395,0.0133507709477096));
#2779=CARTESIAN_POINT('',(0.00175886121436694,-0.013395,0.0161407709477096));
#2780=CARTESIAN_POINT('',(0.00175886121436694,-0.0110927782382277,0.0116159224148913));
#2781=CARTESIAN_POINT('',(0.0129488612143669,-0.013395,0.0161407709477096));
#2782=CARTESIAN_POINT('',(0.0241388612143669,-0.013395,0.0161407709477096));
#2783=CARTESIAN_POINT('',(0.0241388612143669,-0.013395,0.0133507709477096));
#2784=CARTESIAN_POINT('',(0.0241388612143669,-0.013395,0.0085607709477096));
#2785=CARTESIAN_POINT('',(0.00465223147481316,-0.013395,0.0085607709477096));
#2786=CARTESIAN_POINT('',(0.0154022314748131,-0.0066975,-0.0318787342115514));
#2787=CARTESIAN_POINT('',(0.0305601172149182,-0.01102,-0.0318787342115514));
#2788=CARTESIAN_POINT('',(0.0291101172149182,-0.01102,-0.0318787342115514));
#2789=CARTESIAN_POINT('',(0.0305601172149182,-0.01102,-0.0318787342115514));
#2790=CARTESIAN_POINT('',(-0.0283477685251868,-0.0066975,-0.000278734211551449));
#2791=CARTESIAN_POINT('',(-0.0283477685251868,-0.010966707020998,-0.00920090824365616));
#2792=CARTESIAN_POINT('',(-0.0283477685251868,-0.010966707020998,-0.00775090824365616));
#2793=CARTESIAN_POINT('',(-0.0283477685251868,-0.010966707020998,-0.00920090824365616));
#2794=CARTESIAN_POINT('',(0.00465223147481316,-0.0066975,0.0191212657884486));
#2795=CARTESIAN_POINT('',(0.0386522314748131,-0.01102,0.0191212657884486));
#2796=CARTESIAN_POINT('',(0.0401022314748131,-0.01102,0.0191212657884486));
#2797=CARTESIAN_POINT('',(0.0386522314748131,-0.01102,0.0191212657884486));
#2798=CARTESIAN_POINT('',(0.0333101153373718,-0.008645,-0.0328787342115514));
#2799=CARTESIAN_POINT('',(0.0333101153373718,-0.008645,-0.0328787342115514));
#2800=CARTESIAN_POINT('',(0.0333101153373718,-0.008645,-0.0299787342115514));
#2801=CARTESIAN_POINT('',(0.0333101153373718,-0.008645,-0.0299787342115514));
#2802=CARTESIAN_POINT('',(0.0278101190924645,-0.008645,-0.0328787342115514));
#2803=CARTESIAN_POINT('',(0.0278101190924645,-0.008645,-0.0299787342115514));
#2804=CARTESIAN_POINT('',(0.0278101190924645,-0.008645,-0.0299787342115514));
#2805=CARTESIAN_POINT('',(0.0278101190924645,-0.008645,-0.0328787342115514));
#2806=CARTESIAN_POINT('',(0.0305601172149182,-0.008645,-0.0299787342115514));
#2807=CARTESIAN_POINT('',(0.0305601172149182,-0.008645,-0.0299787342115514));
#2808=CARTESIAN_POINT('',(0.00465223147481318,-0.008645,-0.00637873421155145));
#2809=CARTESIAN_POINT('',(-0.0293477685251868,-0.008645,-0.00586219128370285));
#2810=CARTESIAN_POINT('',(-0.0264477685251868,-0.008645,-0.00586219128370285));
#2811=CARTESIAN_POINT('',(-0.0264477685251868,-0.008645,-0.00586219128370285));
#2812=CARTESIAN_POINT('',(-0.0293477685251868,-0.008645,-0.00586219128370285));
#2813=CARTESIAN_POINT('',(-0.0264477685251868,-0.008645,-0.00916219128370285));
#2814=CARTESIAN_POINT('',(-0.0264477685251868,-0.008645,-0.0124621912837028));
#2815=CARTESIAN_POINT('',(-0.0264477685251868,-0.008645,-0.0124621912837028));
#2816=CARTESIAN_POINT('',(-0.0264477685251868,-0.008645,-0.00916219128370285));
#2817=CARTESIAN_POINT('',(-0.0293477685251868,-0.008645,-0.0124621912837028));
#2818=CARTESIAN_POINT('',(-0.0293477685251868,-0.008645,-0.0124621912837028));
#2819=CARTESIAN_POINT('',(0.00465223147481318,-0.008645,-0.00637873421155145));
#2820=CARTESIAN_POINT('',(0.0386522314748131,-0.008645,0.0164212657884486));
#2821=CARTESIAN_POINT('',(0.0357522314748131,-0.008645,0.0164212657884486));
#2822=CARTESIAN_POINT('',(0.0357522314748131,-0.008645,0.0164212657884486));
#2823=CARTESIAN_POINT('',(0.0386522314748131,-0.008645,0.0164212657884486));
#2824=CARTESIAN_POINT('',(0.0357522314748131,-0.008645,0.0197212657884486));
#2825=CARTESIAN_POINT('',(0.0357522314748131,-0.008645,0.0197212657884486));
#2826=CARTESIAN_POINT('',(0.00465223147481318,-0.008645,-0.00637873421155145));
#2827=MECHANICAL_DESIGN_GEOMETRIC_PRESENTATION_REPRESENTATION('',(#1670,
#1555,#1556,#1557,#1558,#1559,#1560,#1561,#1562,#1563,#1564,#1565,#1566,
#1567,#1568,#1569,#1570,#1571,#1572,#1573,#1574,#1575,#1576,#1577,#1578,
#1579,#1580,#1581),#2829);
#2828=MECHANICAL_DESIGN_GEOMETRIC_PRESENTATION_REPRESENTATION('',(#1671),
#2830);
#2829=(
GEOMETRIC_REPRESENTATION_CONTEXT(3)
GLOBAL_UNCERTAINTY_ASSIGNED_CONTEXT((#2831))
GLOBAL_UNIT_ASSIGNED_CONTEXT((#2837,#2835,#2833))
REPRESENTATION_CONTEXT('Bottom Case','TOP_LEVEL_ASSEMBLY_PART')
);
#2830=(
GEOMETRIC_REPRESENTATION_CONTEXT(3)
GLOBAL_UNCERTAINTY_ASSIGNED_CONTEXT((#2832))
GLOBAL_UNIT_ASSIGNED_CONTEXT((#2838,#2836,#2834))
REPRESENTATION_CONTEXT('Top Plate','TOP_LEVEL_ASSEMBLY_PART')
);
#2831=UNCERTAINTY_MEASURE_WITH_UNIT(LENGTH_MEASURE(1.E-8),#2837,
'DISTANCE_ACCURACY_VALUE','Maximum Tolerance applied to model');
#2832=UNCERTAINTY_MEASURE_WITH_UNIT(LENGTH_MEASURE(1.E-8),#2838,
'DISTANCE_ACCURACY_VALUE','Maximum Tolerance applied to model');
#2833=(
NAMED_UNIT(*)
SI_UNIT($,.STERADIAN.)
SOLID_ANGLE_UNIT()
);
#2834=(
NAMED_UNIT(*)
SI_UNIT($,.STERADIAN.)
SOLID_ANGLE_UNIT()
);
#2835=(
NAMED_UNIT(*)
PLANE_ANGLE_UNIT()
SI_UNIT($,.RADIAN.)
);
#2836=(
NAMED_UNIT(*)
PLANE_ANGLE_UNIT()
SI_UNIT($,.RADIAN.)
);
#2837=(
LENGTH_UNIT()
NAMED_UNIT(*)
SI_UNIT($,.METRE.)
);
#2838=(
LENGTH_UNIT()
NAMED_UNIT(*)
SI_UNIT($,.METRE.)
);
#2839=PRODUCT_DEFINITION_SHAPE('','',#2841);
#2840=PRODUCT_DEFINITION_SHAPE('','',#2842);
#2841=PRODUCT_DEFINITION('','',#2845,#2843);
#2842=PRODUCT_DEFINITION('','',#2846,#2844);
#2843=PRODUCT_DEFINITION_CONTEXT('',#2857,'design');
#2844=PRODUCT_DEFINITION_CONTEXT('',#2858,'design');
#2845=PRODUCT_DEFINITION_FORMATION_WITH_SPECIFIED_SOURCE('','',#2849,
 .NOT_KNOWN.);
#2846=PRODUCT_DEFINITION_FORMATION_WITH_SPECIFIED_SOURCE('','',#2850,
 .NOT_KNOWN.);
#2847=PRODUCT_RELATED_PRODUCT_CATEGORY('','',(#2849));
#2848=PRODUCT_RELATED_PRODUCT_CATEGORY('','',(#2850));
#2849=PRODUCT('Bottom Case','Bottom Case','Bottom Case',(#2853));
#2850=PRODUCT('Top Plate','Top Plate','Top Plate',(#2854));
#2851=PRODUCT_CATEGORY('','');
#2852=PRODUCT_CATEGORY('','');
#2853=PRODUCT_CONTEXT('',#2857,'mechanical');
#2854=PRODUCT_CONTEXT('',#2858,'mechanical');
#2855=APPLICATION_PROTOCOL_DEFINITION('international standard',
'ap242_managed_model_based_3d_engineering',2020,#2857);
#2856=APPLICATION_PROTOCOL_DEFINITION('international standard',
'ap242_managed_model_based_3d_engineering',2020,#2858);
#2857=APPLICATION_CONTEXT('managed model based 3d engineering');
#2858=APPLICATION_CONTEXT('managed model based 3d engineering');
ENDSEC;
END-ISO-10303-21;
